job_title,company,job_location
"Full Stack Developer (Junior, Entry Level)",Boon,Remote
Google Cloud Developer,Tekskills Inc,"Southlake, TX"
Jr Cloud Practitioner,Lowers Risk Group LLC,Remote
Google Cloud Platform Engineer / Consultant,Brillio LLC,Remote
Google Cloud Engineer (GCP),Frontend Arts Inc,"Southlake, TX"
"Backend Engineers (Python,Flask,Google cloud) -- Remote","Amzur Technologies, Inc",Remote
"Vice President, Site Reliability Engineering, Google Cloud",Google,"Sunnyvale, CA"
Sr Data Warehouse MS SQL/SSIS Developer w/Google Cloud - Remote (1099 only),Fideaux Inc,Remote
Transcriber,Daily Transcription,"Charleston, SC"
Principal Cloud Program Manager & Product Owner - Remote USA.,Dell Technologies,Remote
Google Services Seller/BDE,IBM,United States
CDC Cloud Migration / Re-Architecture Positions - REMOTE,General Dynamics Information Technology,Georgia
"Google Cloud Consultant, CloudOps",Burwood Group,Remote
"Business Partner, Rotational Program, Google Play",Google,"Mountain View, CA"
"Full Stack Web Developer (Javascript, Google Cloud Platform, Elasticsearch)",LATD Inc (d/b/a Latitude),"Boston, MA"
"Senior HR Business Partner, Google Cloud",Google,"Sunnyvale, CA"
"Business Development Representative, Public Sector, Google Cloud",Google,"Austin, TX"
Google Cloud Platform Technical Architect,eTek IT Service | Savvysol,Remote
Google Cloud Platform Certified (JAVA or Python developer),CA-One Tech Cloud Inc,"Austin, TX"
CDC Cloud Migration / Re-Architecture Positions - REMOTE,General Dynamics Information Technology,Georgia
"Learning Opportunities Lead, Learning Services, Google Cloud",Google,"Austin, TX"
"Conversational AI Engineer, Google Cloud Professional Services",Google,"Austin, TX"
"Infrastructure Cloud Consultant, Google Cloud Professional Services",Google,"San Francisco, CA"
Cloud-PaaS-GCP-Google Cloud Platform-Developer,Wipro LTD,"Tempe, AZ"
Data Steward (Remote),Veeva Systems,"Atlanta, GA"
"Cloud Engineer, Junior",Booz Allen Hamilton,"McLean, VA"
Senior Cloud Engineer (Google Cloud Platform),Nuvalence,Remote
IT Systems Engineer - Google Cloud,Lookout,California
Google Cloud Architect,L&T Infotech,"Edison, NJ"
Google Cloud Data Engineer,ibrain Technologies Inc,"Atlanta, GA"
IT Systems Engineer - Google Cloud,Lookout,California
Google Cloud Data Engineer,ibrain Technologies Inc,"Atlanta, GA"
Cloud Engineer,Agama Solutions,North Carolina
Live Chat Customer Support Representative - Seasonal (Georgia),Farmgirl Flowers,Georgia
Virtual Admin Assistant,Noraye LLC,Remote
"Technical Program Manager, Community Support, Google Cloud",Google,"Atlanta, GA"
Corporate Trainer,Dialpad,"Austin, TX"
"Software Engineer, Video Encoding, Google Cloud Platform",Google,"Sunnyvale, CA"
Voltage Encryption Engineer 100% Remote,Kodoai,Remote
"Coordinator, Sport Performance",USA Baseball,"Cary, NC"
Google Cloud platform Architect,Digital Dhara,Remote
Sr. Cloud Consultant – Google Cloud,"2nd Watch, Inc.",Remote
Student Cloud Engineer Intern,Unisys,"Irvine, CA"
Wordpress Developer,Zuora,Remote
Cloud SRE - Cloud Services,HashiCorp,Oregon
Customer Success/Data Research,RocketReach.co,United States
Clinical Data Associate,"Princeton IT Services, Inc","Morrisville, NC"
Data Operations Intern-to-Hire,BlueCart,Remote
"Enterprise Field Sales Representative, Google Cloud",Google,"San Francisco, CA"
"Staff Software Engineer, Fleet Control Plane, Google Cloud",Google,"Sunnyvale, CA"
Google Cloud Engineer,Accenture,"Boston, MA"
Google Cloud Platform Engineer,American Family Insurance,Remote
Cloud Engineer,Pharmacy Quality Solutions,"Charleston, SC"
Cloud Product Manager & Strategy - Remote USA,Dell Technologies,Remote
"Staff Software Engineer, Open Source PostgreSQL, Google Cloud",Google,"Sunnyvale, CA"
"Associate Principal, Google Cloud, Trust & Safety",Google,"Sunnyvale, CA"
Bookkeeper/Human Resources,Mike's Auto Clinic,"Nampa, ID"
Cloud Engineer,Platform.sh,Remote
Cloud Engineer,Double A Labs,Texas
"Account Executive, Google Workspace, Google Cloud (Spanish, English)",Google,"Austin, TX"
Senior Java Developer / Cloud Engineer,Redzara.com,Remote
"Technical Editor, Google Cloud Support",Google,"Atlanta, GA"
Cloud Support Engineer - Level 1 - ( Graveyard shift ),"2nd Watch, Inc.",Remote
Google Cloud Engineer - Assistant Vice President,Deutsche Bank,"Cary, NC"
Research Engineer,TieSet,Remote
Cloud-PaaS-GCP-Google Cloud Platform-Architect,Wipro LTD,"Tempe, AZ"
"Vice President, Global Networking Technology, Google Cloud",Google,"Sunnyvale, CA"
"Demo Engineer, Looker, Google Cloud",Google,"New York, NY"
Executive Assistant,"Twitch Interactive, Inc.","New York, NY"
"Entry-Level Data Positions (Data Engineer, Machine Learning & Visualization)",Citi,"Jacksonville, FL"
Site Reliability Engineer,CA-One Tech Cloud Inc,Remote
Cloud Operations Engineer,Canonical,Georgia
Sr (Multi Cloud) Consultant,"Insight Enterprises, Inc.",Arizona
Google Cloud Architect,Cognizant Technology Solutions,"Phoenix, AZ"
"Account Executive, Emerging Accounts, Google Cloud (English, Portuguese)",Google,"Austin, TX"
Google Cloud Architect,Cognizant Technology Solutions,"Phoenix, AZ"
"Account Executive, Emerging Accounts, Google Cloud (English, Portuguese)",Google,"Austin, TX"
"Head of Corporate Partner Sales, Google Cloud",Google,"New York, NY"
Business Operations Manager,Dialpad,California
Cloud Automation Engineer,AT&T,"St. Louis, MO"
"Field Sales Representative, Public Sector, Google Cloud",Google,"Miami, FL"
Internships at Apollo 2021 (Full-Stack),Meteor Development Group,"San Francisco, CA"
IT Associate,Braze,Texas
Google Cloud Platform,ARK Solutions,"Springfield, VA"
Data Scientist (all levels),Cascade Data Labs,"Portland, OR"
Google Cloud Platform (GCP) Architect,"e-Zest Solutions, Inc","Irving, TX"
Google Cloud Data Engineer,Accenture,"Milwaukee, WI"
Customer Experience Associate,Pendulum.co,Remote
Cloud Engineer - Google,US Information Technologies,"Chantilly, VA"
"Corporate Field Sales Representative, Google Cloud",Google,"New York, NY"
"Corporate Field Sales Representative, Google Cloud",Google,"New York, NY"
"Field Sales Representative, Google Cloud, Healthcare & Life Sciences",Google,"New York, NY"
SALES,Sugarloaf Native Nursery & Supply,"Frederick, MD"
Data Analyst - All Levels,FedEx Services,"Lakeland, FL"
"Field Sales Representative, Higher Education, Google Cloud",Google,"New York, NY"
HR Generalist,Cardinal Education,United States
Staff Accountant,AppNeta,Massachusetts
游戏技术美术师,cloudclade,"San Francisco, CA"
"Key Account Executive, Retail, Google Cloud",Google,"Chicago, IL"
AWS Cloud Architect,Aroopa Inc,Indiana
"Field Sales Manager, Department Stores/Fashion, Google Cloud",Google,"New York, NY"
"Professional Services Delivery Executive, Google Cloud",Google,"Sunnyvale, CA"
DEVOPS Engineer ( GCP – Google Cloud Platform),Kanini Software Solutions,"Nashville, TN"
Google Cloud Data Technical Architect,Accenture,"Columbia, SC"
Part-Time IT Support Staff,Cyberiad Solutions,Remote
Cloud Developer Internship,ICG LLC,Remote
"Software Engineer, Looker, Google Cloud",Google,"San Francisco, CA"
"Enterprise Cloud Architect, Google Cloud",Google,"Chicago, IL"
"Senior Software Engineer, Business Intelligence, Looker, Google Cloud",Google,"San Francisco, CA"
Operations Associate,FourKites,North Carolina
"Customer Engineer, Infrastructure Modernization, Google Cloud",Google,"Cambridge, MA"
"Product Manager, SAAS, Google Cloud",Google,"Seattle, WA"
Cloud Data Developer,Nasscomm,"Atlanta, GA"
Google Cloud Architect (GCP),Onebridge,"Indianapolis, IN"
DevOps Engineer - GCP,Agile,"St. Louis, MO"
"Technical Account Manager, Google Cloud Professional Services",Google,"Cambridge, MA"
College Brand Ambassador,Rockstar Energy Drink,United States
"Regional Manager, Critical Incidents and Escalations, Google Cloud",Google,"Atlanta, GA"
SQL Developer - Consultant - Entry Level,Armeta Analytics,Texas
"Sales Strategy and Operations Manager, Google Cloud",Google,"Austin, TX"
College Brand Ambassador,Rockstar Energy Drink,United States
"Regional Manager, Critical Incidents and Escalations, Google Cloud",Google,"Atlanta, GA"
SQL Developer - Consultant - Entry Level,Armeta Analytics,Texas
"Sales Strategy and Operations Manager, Google Cloud",Google,"Austin, TX"
Google Cloud Platform Architect,Techstra Solutions,Remote
Google Kubernetes Engineer,Nasscomm,"Atlanta, GA"
Data Scientist - Sam's Club Technology,Sam's Club,"Bentonville, AR"
Manufacturing Industry Lead,Maven Wave,Illinois
Dot Net Developer-Remote,"Applicantz, Inc","Milwaukee, WI"
SOC Analyst,Better Mortgage Corporation,"New York, NY"
Data Scientist | Remote (US),Tara AI,"San Jose, CA"
Sr. DevOps Consultant - Cloud Services,"2nd Watch, Inc.",United States
"Technical Specialist (Terraform, Google Cloud)",CitiusTech,Remote
Application Architect,K4 Mobility,United States
原画师,cloudclade,"San Francisco, CA"
"Finance Manager, Regional Google Cloud Sales",Google,"New York, NY"
"AI Consultant, Google Cloud Professional Services",Google,"Austin, TX"
Cloud Architects / Engineers,10Types,"Wilmington, NC"
Seasonal Remote Customer Support Agent - Georgia,Farmgirl Flowers,Georgia
"Engagement Manager, Google Cloud Professional Services",Google,"Washington, DC"
Cloud Architect / Consultant,Borassus Infotech,Remote
Data Scientist - All Levels,FedEx Services,"Collierville, TN"
Hybrid Cloud Technical Seller,IBM,United States
Cloud Engineering Infrastructure Development-(JoinOCI-SDE),Oracle,United States
IT Support Specialist,CloudBees,"Raleigh, NC"
AI specialist,Fresko,"Miami, FL"
Cloud Engineer,Genesys,"Durham, NC"
Instructional Designer,Fuze,Massachusetts
Technical Support Engineer,Alluxio,"China, ME"
Cloud Products - Software Engineer,"Connectria, LLC",Remote
Technical Product Owner with Cloud and Data Architecture skills,KPO Partners,Remote
Sr Cloud Security Architect with Threat Applications,Sarithm Ltd,Remote
Technical Support Associate II,CoralTree Tech,"Huntsville, AL"
Publication Administrative Coordinator,COPD Foundation,Remote
Lead Cloud Migration Containerization Architect - Distribution,IBM,United States
Cloud Engineer II,Chewy,"Boston, MA"
Cloud Engineer,Cloud Destinations,"Santa Clara, CA"
"Programs and Strategy Manager, Google Cloud Partner Ecosystem",Google,"Sunnyvale, CA"
Applications Engineer,Versa Integrity Group,"Bartlesville, OK"
用户/ 交互设计师,cloudclade,"San Francisco, CA"
Technical Account Manager,Tausight,Remote
Cloud Operations Engineer,Zotec Partners,Remote
School Services Counseling Consulting Intern,Pearson,"Columbia, MD"
Cloud Architect,NetApp,"Research Triangle Park, NC"
IT Support Specialist,hims & hers,California
"Specialist, Customer Operations",Weedmaps,California
WW Partner Solutions Engineer/Evangelist - Google Cloud,Confluent,Remote
Cloud Operations Architect,"SomaLogic, Inc.","Boulder, CO"
"Operations Command Center Administrator, Day Shift",Green Dot Corporation,California
"Enterprise Customer Engineer, Looker, Google Cloud",Google,"New York, NY"
"Field Sales Manager, Education Technology, Google Cloud",Google,"New York, NY"
Cloud Computing - Solution Architects and Engineers,"PurpleBox, Inc.","Atlanta, GA"
Virtual Assistant [Remote],Teem Embr,"Charlotte, NC"
Project Management,Endeavour Partners,"Cambridge, MA"
Secretary Assistant,proof. Pest Control,"Orem, UT"
Google Cloud Platform Machine Learning Developer,Technology Ventures,"McLean, VA"
Customer Support Manager (Remote),Raven,Remote
"Cloud Infrastructure Engineer, Financial Services, Google Cloud",Google,"New York, NY"
People Operations Coordinator,DataDog,"New York, NY"
Full Stack Developer/ All levels,FedEx Services,"Lakeland, FL"
"Cloud Infrastructure Engineer, Financial Services, Google Cloud",Google,"New York, NY"
People Operations Coordinator,DataDog,"New York, NY"
Full Stack Developer/ All levels,FedEx Services,"Lakeland, FL"
Account Manager - Google Cloud,Webhelp Americas,"Austin, TX"
Cloud Accounting Bookkeeper - SC,Reconciled,Remote
Sr. SCCM Packager,CybeCys,United States
Cloud Solutions Architect,Intel,"Hillsboro, OR"
Senior Full Stack Developer Contractor,Global Cloud Fleet Inc,United States
"Mgr, Sales- Cloud IaaS",Ingram Micro,"Scottsdale, AZ"
Cloud Data Engineer,Weber-Stephen Products LLC,United States
"Director, Site Reliability Engineering, Google Cloud Core Networking",Google,"Sunnyvale, CA"
DevOps/Cloud Engineer,Storj Labs,"Atlanta, GA"
Google Analytics Cloud/ Hadoop Ecosystem,"Web Solutions Consulting, Inc.","Hartford, CT"
Technical Internship,CTAC,"Falls Church, VA"
"Manager, Enablement Learning",External,"Austin, TX"
VP of People,Carbyne,"New York, NY"
Customer Support Associate,Autodesk,"Atlanta, GA"
Barista,Leiva's Coffee,"Little Rock, AR"
Front-End Cloud Engineer,MagicCube,"Santa Clara, CA"
Computer Technician,Kent Consortium,"Grand Rapids, MI"
GCP--Cloud Developer,Atlantis IT Consulting Group LLC,"Dublin, OH"
Cloud/Full Stack Developer (Sr. Software Engineer I),Datto Jobs,Oregon
"Executive and Internal Communications Manager, Google Cloud",Google,"Sunnyvale, CA"
Developer - C# and SQL Server,Sparkfish,Remote
Cloud Engineer,BlueCat Networks,United States
Web Developer,Medical Review Institute,"Salt Lake City, UT"
Venture Associate,High Alpha,"Indianapolis, IN"
Administrative Support Coordinator,eXp Realty,"Denver, CO"
Cloud Alliance Manager,Dynatrace,Remote
PRODUCTION ASSISTANT,EXPERIENCE MARKETING,"Douglas, MI"
Cloud Infrastructure Engineer,CBOE,"New York, NY"
Software Engineer,Techcyte,"Orem, UT"
Office Manager/Administrative Assistant,Vye,"Saint Cloud, MN"
Transaction Coordinator - Real Estate,ScalableRES LLC,Remote
Facebook Ads Manager,Cloud LGS,"Scottsdale, AZ"
AWS Cloud Delivery Architect Lead,IBM,United States
Full Stack Developer,Robotic Imaging,"Philadelphia, PA"
Software Engineer Internship,"WebFX, Inc.","Harrisburg, PA"
"Partner Strategy & Operations Manager, Google Cloud",Google,"Reston, VA"
Cloud Engineer,SAS Institute Inc,"Cary, NC"
Cloud Software Engineer,Intrinsic,"Bellevue, WA"
"Head of Incident and Escalation Programs, Google Cloud",Google,"Atlanta, GA"
"Manager, Cloud Solution Architects - App Dev",Microsoft,United States
GCP Consultant,Tekskills Inc,"Southlake, TX"
Customer Service Specialist,SmithRx,"Lehi, UT"
"Mentors (Independent Contractor) - Cloud Strategy, Cloud Governance, Cloud Engineer",Udacity,"Texas City, TX"
IAM Engineer,Buxton,"Madison, WI"
"Director, Cloud Solution Architecture",Microsoft,"San Francisco, CA"
Cloud Engineer,Slalom Consulting,"Phoenix, AZ"
Production Planner (Remote),SnackNation,Remote
Cloud Security Engineer,Collibra,New York State
Customer Support Specialist,Qualio,California
Multi Cloud Architect,"Insight Enterprises, Inc.",North Carolina
"Staff Solution Architect, Cloud Foundation, VMware - Opportunity for Working Remotely ,",VMware,United States
Front End Developer,Left Field Labs,Remote
GCP - Anthos Engineer,Capgemini,Remote
Hybrid Cloud Sales Specialist,Red Hat Software,"Trenton, NJ"
Entry-Level Full Stack Software Engineer,Institute for Future Intelligence,"Natick, MA"
Paid Media Manager,Zuora,Remote
"Analyst, Sales FP&A",HashiCorp,California
Front End Developer,Left Field Labs,Remote
GCP - Anthos Engineer,Capgemini,Remote
Hybrid Cloud Sales Specialist,Red Hat Software,"Trenton, NJ"
Entry-Level Full Stack Software Engineer,Institute for Future Intelligence,"Natick, MA"
Paid Media Manager,Zuora,Remote
"Analyst, Sales FP&A",HashiCorp,California
Software Development Intern,Republic Wireless,North Carolina
"Enterprise Cloud Architect, Healthcare, Google Cloud",Google,"Cambridge, MA"
Google Cloud Practice Manager,"World Wide Technology, Inc.",Remote
Customer Success Manager Junior - US (H/F),NET REVIEWS,Remote
Cloud Engineer - Mobile,VF Corporation,North Carolina
Java Developer,Innovien Solutions,Remote
"Regional Growth Program Manager, Small-and-Medium Business, Google Cloud",Google,"New York, NY"
"Software Developer - React, Full Stack",Kyros Digital,Remote
"Knowledge Manager, Global Public Sector Proposals, Google Cloud",Google,"Washington, DC"
AWS Cloud Sales Executive,Maven Wave,Illinois
Data Analyst Internship,Red Hat Software,"Sacramento, CA"
Senior Cloud Architect - Google & AWS,Cloud Reach,"Atlanta, GA"
Recruiter,Armory,California
"Software Developer - React, Full Stack",Kyros Digital,Remote
Tech Lead Backend-Google Cloud-SF Bay Area-Remote,Home Care Assistance,"Salt Lake City, UT"
"Head of Enablement, Cloud Support Operations, Google Cloud",Google,"Atlanta, GA"
"Product Manager, AI/ML, Google Cloud",Google,"San Francisco, CA"
Web Development Contractor,"OptiRTC, Inc.","Boston, MA"
Android Engineer,Cogent Infotech,Remote
Senior Cloud Accountant,Beech Valley Solutions,Remote
Data Scientist Intern,The New York Times,"New York, NY"
Summer Human Resources/Legal Internships,RingCentral,"Belmont, CA"
"Senior Financial Analyst, Regional Google Cloud Sales",Google,"New York, NY"
BI Developer,"Jewelers Mutual Insurance Company, SI","Neenah, WI"
"Senior Financial Analyst, Regional Google Cloud Sales",Google,"New York, NY"
BI Developer,"Jewelers Mutual Insurance Company, SI","Neenah, WI"
"Supportability Program Lead, Cloud Support Operations, Google Cloud",Google,"Atlanta, GA"
Temporary Recruiting Coordinator,Gainsight,United States
Biostatistician,Freenome Holdings,"South San Francisco, CA"
Talent Acquisition Coordinator,Maven Wave,"Chicago, IL"
"Hardware Test Engineer, Data Center Operations, Google Cloud",Google,"Council Bluffs, IA"
DevOps Engineer,SmartBear,"Coconut Creek, FL"
Cloud Administrator,Cotocus,"Sacramento, CA"
Business Intelligence Engineer (Open to Remote),American Family Insurance,Wisconsin
IT Administrator,Skydio,"Redwood City, CA"
DevOps Engineer,IBM,United States
"VP, Data Strategy",Brainlabs Digital,Remote
"Director, Reliability Production Principles, Google Cloud",Google,"Sunnyvale, CA"
Amway Data Analyst Internship,Amway Inc.,"Ada, MI"
Linux Administrator,State of North Carolina,"Wake County, NC"
Cloud Consultant,Slalom Consulting,"San Francisco, CA"
Cloud Operations Engineer,INFOSIGHT®,Remote
CBO – Google Health SME – PDM,Deloitte,"Atlanta, GA"
Customer Success Manager,Onna,North Carolina
"Partner Sales Manager, Google Cloud",Google,"New York, NY"
Cloud New Product Initiatives Controller,Google,"Sunnyvale, CA"
Client Services Concierge,Shore Consulting,Texas
Acumen IT Help Desk - Tier 1,Acumen LLC,"Orem, UT"
Technical Architect – Google Cloud,CDW,"Lincolnshire, IL"
"Enterprise Infrastructure Customer Engineer, Google Cloud",Google,"New York, NY"
Customer Success/Data Research,RocketReach.co,United States
"Machine Learning Engineering Internship, Search and Recommendations - Summer 2021",Vimeo,"New York, NY"
Cloud Sales Development Manager - Google 82462,"Advanced Micro Devices, Inc.","Bellevue, WA"
Senior Google Cloud Platform Cloud Infrastructure Architect (Remote),Acxiom,Remote
Cloud Engineer,Brightspot,"Reston, VA"
Senior Backend Engineer,Atlas Labs,United States
Cloud Security Engineer 2(remote virtual home office eligible),Humana,"Arlington, VA"
Cloud Operations Architect,"2nd Watch, Inc.",Remote
Cloud (GCP) Software Engineer,Apple,"Santa Clara Valley, CA"
ML Engineer,Stats Perform,Remote
Cloud/ Full Stack Developer (Sr. Software Engineer I),Datto Inc.,New York State
Google Cloud Platform Developer,Deloitte,"New York, NY"
Analytics Engineer - Remote (UK or Spain,Ebury Partners,Remote
Cloud Software Engineer,Wellington Steele & Associates,"Rochester, NY"
"2021 Summer Internship, Global Technology",T. Rowe Price,"Owings Mills, MD"
Cloud Software Engineer,TECHGUARD SECURITY LLC,"Laurel, MD"
Cloud Oversight Practitioner,Wells Fargo,"Chandler, AZ"
"Software Development Engineer, CTO -Application Services",GoDaddy,Arizona
On call,Wholly Clouds LLC,"Minneapolis-Saint Paul, MN"
Front-End Developer,ArdentMills,"Denver, CO"
Data Analytics Engineer,Keap,Arizona
"Data Center Lead Engineer, Physical Infrastructure, Google Cloud",Google,"Sunnyvale, CA"
AWS Cloud Administrator II - US,Rackspace,"San Antonio, TX"
Technical Account Manager,Maven Wave,Illinois
Support Engineer,Mux,"London, OH"
Data Engineer - AWS / Google Cloud Platform,Aviary Analytics,"New York, NY"
Digital Coordinator,Cendyn,"Boca Raton, FL"
Principal Cloud Architect,Oracle,United States
DevOps Engineering Intern,Bandwidth,"Raleigh, NC"
C# Software Developer,Sparkfish,Remote
3D Generalist - Freelance,BioDigital,"New York, NY"
Cloud Engineer,Executive Recruiting,"Kansas City, MO"
Account Manager – Cloud Solutions,Sunset Learning Institute,United States
SQL Server Database Administrators,Ziras Technologies,"Newark, DE"
React Native Developer,candiSee,"Seattle, WA"
Infrastructure Engineer - Cloud Providers (Cloud Services),HashiCorp,Colorado
"Business Development Specialist, Cloud Alliances",Rubrik Job Board,California
DevOps Engineer,Mandolin,Indiana
Entry Frontend Engineer,TCN,"Saint George, UT"
Service Desk Analyst - Contract (Remote),Slalom Consulting,"Boston, MA"
BUSINESS ANALYST,Bangura Solutions,Remote
Data Analyst,MRM,"New York, NY"
Cloud Software Engineer,The Public Library of Science (PLoS),"San Francisco, CA"
Associate Partner - Cloud Advisory,IBM,United States
Microservices Developer,Data Bridge Consultants,United States
Scrum Master,PeopleLift,"Atlanta, GA"
Systems Engineer - Cloud,IEX Group,"New York, NY"
COVID-19 Business Intelligence Data Specialist (DM Journey) DOH5143,State of Washington Dept. of Health,"Tumwater, WA"
2021 Summer - Software Engineer Intern,Synopsys,"Burlington, MA"
Cloud Software Engineer,The Public Library of Science (PLoS),"San Francisco, CA"
Associate Partner - Cloud Advisory,IBM,United States
Microservices Developer,Data Bridge Consultants,United States
Scrum Master,PeopleLift,"Atlanta, GA"
Systems Engineer - Cloud,IEX Group,"New York, NY"
COVID-19 Business Intelligence Data Specialist (DM Journey) DOH5143,State of Washington Dept. of Health,"Tumwater, WA"
2021 Summer - Software Engineer Intern,Synopsys,"Burlington, MA"
Cloud Automation Engineer,Discovery,"Knoxville, TN"
Application Consultant- Continuous Modernization,IBM,United States
"Cloud Architecture Lead, Google Health",Google,"Palo Alto, CA"
"Associate, Graduate Program, IT LTL - July 2021",XPO Logistics,"Portland, OR"
"Field Sales Manager, Healthcare Google Cloud",Google,"Chicago, IL"
Partner Marketing Manager - Google Cloud,SpringML,Remote
HCM Implementation Consultant,HotSchedules,Remote
Head of Cloud Engineering - Insights,Hitachi Vantara Corporation,Remote
Software Engineer Backend - Cloud Marketplaces and Partnerships,Confluent,"Mountain View, CA"
Account Manager - Google Cloud,Webhelp Americas,"Austin, TX"
GCP Data Engineer,Agile,"St. Louis, MO"
NLP Applied Scientist,External,Oregon
Analytics Cloud Engineer - Power BI or Tableau–Remote Work Eligible,Edward Jones,"St. Louis, MO"
Full Stack Developer II - Cloud Engineer,FedEx Services,"Coraopolis, PA"
Software Engineer,Workiva,"Ames, IA"
"Software & Algorithms Engineer, Cloud Tools Specialist","Branch Technology, Inc.","Chattanooga, TN"
Logistics Specialist,Major League Hacking,"New York, NY"
"Sales Engineer, Data Management, Google Cloud",Google,"Los Angeles, CA"
Talent Coordinator (Contract),"Medallia, Inc.",Remote
Vendor Qualification Specialist - Remote,Medable,"Raleigh, NC"
Director - Google Cloud Architect,L&T Infotech,"Hoboken, NJ"
Cloud Infrastructure Engineer - Tier 1,Kronos Incorporated,"Maitland, FL"
Contract Administrator,Aptos,"Atlanta, GA"
"Enterprise Sales Engineer, Apigee, Google Cloud",Google,"New York, NY"
Cloud Strategy & Architecture Consultant,PA Consulting Group,"Boston, MA"
Senior Java Developer,Svk Systems Inc,"Honolulu, HI"
Software Engineer Cloud Migration,Egnyte,"Mountain View, CA"
Cloud Infrastructure Engineer,Amify,"Arlington, VA"
"Strategy and Operations Lead, Solution Engineering, Google Cloud",Google,"Chicago, IL"
Assistant Reviewer,Institute for Curriculum Services,"San Francisco, CA"
SaaS Cloud Security SRE - NSC,Oracle,United States
Special Projects Designer,"Bitwise Industries, inc.","Fresno, CA"
Business Operations Administrator (Remote),Glencrest Group,"San Francisco, CA"
Biostatistician,Freenome,"South San Francisco, CA"
Freelance Analyst (Remote),Blue State,New York State
Director of Channel Cloud Ecosystem,Trend Micro,United States
People Business Partner,Slalom Consulting,"Detroit, MI"
"Summer 2021 Business Intelligence Intern, Paramount+",CBS Interactive,United States
Business Operations Administrator (Remote),Glencrest Group,"San Francisco, CA"
Biostatistician,Freenome,"South San Francisco, CA"
Freelance Analyst (Remote),Blue State,New York State
Director of Channel Cloud Ecosystem,Trend Micro,United States
People Business Partner,Slalom Consulting,"Detroit, MI"
"Summer 2021 Business Intelligence Intern, Paramount+",CBS Interactive,United States
Software Engineer (Cloud),TigerGraph Inc.,"Redwood City, CA"
AWS Cloud Engineer,"Jefferies & Company, Inc.","Jersey City, NJ"
Cloud Trainer,RELX Group,"Boca Raton, FL"
Cloud Architect,Cotocus,"Sacramento, CA"
Cloud Engineer,"Insight Enterprises, Inc.","Phoenix, AZ"
Customer Support Associate | Remote | Part-time | Utah Candidates Only,Monumetric,"Farmington, UT"
Learning Program Manager,BetterWorks,Remote
Senior Business Analyst - USC & GC,ABC INFORMATION TECHNOLOGY GROUP,"Westlake, TX"
Cloud Architect,Slalom Consulting,"Hartford, CT"
"Software Engineer, Cloud",Cloudera,"Santa Clara, CA"
Data QA Engineer,Pantheon,Remote
Systems Engineer I,Cortavo,"Marietta, GA"
"Cloud Architect, Red Hat Enterprise Linux",Red Hat Software,Remote
AWS Engineer,Veear Projects,"Santa Clara, CA"
Flutter Developer Independent Contractor,Effortless Development LLC.,"Austin, TX"
Data Center Sales Specialist - Atlanta,Cisco Systems,"Atlanta, GA"
MARKETING ASSISTANT - ROXY,Boardriders,"Huntington Beach, CA"
"Program Manager, Executive Customer Advisory Boards, Google Cloud",Google,"Chicago, IL"
Solutions Architect,IT Authorities,"Tampa, FL"
Data Science Intern,Stanford Health Care,"Redwood City, CA"
Google Cloud Solution Developer,Baer Group,"Washington, DC"
Senior Cloud Database Administrator,Kenna Security,United States
商业智能分析师,cloudclade,"San Francisco, CA"
Associate Software Engineer (Dec 2020/May 2021 graduates),T. Rowe Price,"Owings Mills, MD"
Solutions Architect,IT Authorities,"Tampa, FL"
Data Science Intern,Stanford Health Care,"Redwood City, CA"
Google Cloud Solution Developer,Baer Group,"Washington, DC"
Senior Cloud Database Administrator,Kenna Security,United States
商业智能分析师,cloudclade,"San Francisco, CA"
Associate Software Engineer (Dec 2020/May 2021 graduates),T. Rowe Price,"Owings Mills, MD"
Accounting Clerk,"Ulrich Barn Builders, LLC","Cleburne, TX"
Remote Software Engineer Internship,TWG Companies,"Jersey City, NJ"
SAP Cloud Innovation Consultant,Accenture,"Indianapolis, IN"
Agile Practitioner Internship,Red Hat Software,"Raleigh, NC"
Cloud Services Administrator,Peraton,"Las Cruces, NM"
PHP Developer,iService Auto,Remote
Cloud Systems Architect,Kronos Incorporated,"Lowell, MA"
Systems Engineer,VC3,"Lexington, KY"
Lead Frontend | OH,Photon,"Cleveland, OH"
Entry-Level .Net Developer - Minneapolis,Magenic,"Saint Louis Park, MN"
CLIENT SUCCESS SPECIALISTS,CJ Physical Therapy and Wellness,"Portsmouth, NH"
Cloud engineer,Stacklogy,"Fremont, CA"
Systems Administrator (#PTX2568),RealManage,"Plano, TX"
Google Cloud Platform Cloud Infrastructure Engineer (Remote),Acxiom,Remote
Software Development Manager,"Perceptronics Solutions, Inc",Remote
Remote Sensing of River Discharge,Jet Propulsion Laboratory,"La Cañada Flintridge, CA"
Cloud Solution Architect,Info Way Solutions,"New York, NY"
Sales Development Representative,Deputy,"San Francisco, CA"
Customer Success Manager,BioDigital,Remote
"Product Marketing Manager, Databases, Google Cloud",Google,"Sunnyvale, CA"
Technical Support Specialist - Japan Region,Megaport,United States
Conversational AI/NLU Specialist,Concentrix,Remote
"Financial Analyst, Compute, Google Cloud Platform Product Finance",Google,"Sunnyvale, CA"
Azure Cloud Administrator,Watts Water Technologies,"Andover, MA"
Sr. Data Architect - Cloud - GCP/BigQuery,Mindcircuit,United States
Backend Software Engineer - .NET,Moxe,Wisconsin
GCP Certified,PartnerCubed,"Atlanta, GA"
Customer Business Research Internship,Red Hat Software,"Raleigh, NC"
DevOps/Backend Engineer,Neocova,Remote
"2021434 Database Administrator $160,000.00",B4CORP,"Beltsville, MD"
Entry-Level Software Developer,LOCKHEED MARTIN CORPORATION,"Herndon, VA"
Regional Sales Director,Aarna Solutions,Remote
"Customer Engineer, Modern Workplace",Microsoft,United States
Administrative Assistant,ICAN,"Herkimer, NY"
Data Engineer Co'Op - Cloud Pak for Data,IBM,United States
Design Verification Engineering,Geotab,"Denver, CO"
"Engineering Manager, Cloud",HashiCorp,Oregon
Technical Support Specialist,Viz.ai,California
DevOps - AWS/Kubernetes - Development Operations,Concourse Labs,Texas
Data Engineer Co'Op - Cloud Pak for Data,IBM,United States
Design Verification Engineering,Geotab,"Denver, CO"
"Engineering Manager, Cloud",HashiCorp,Oregon
Technical Support Specialist,Viz.ai,California
DevOps - AWS/Kubernetes - Development Operations,Concourse Labs,Texas
Google Workspace Developer,SADA,"New York, NY"
Cloud Consumption Specialist,"World Wide Technology, Inc.",Remote
Customer Support Engineer,Chili Piper,New York State
Cloud Operations Engineer,INFOSIGHT®,Remote
Technical Recruiter,BetterCloud,New York State
Venture Capital Associate,Next Frontier Capital,"Bozeman, MT"
Integration Engineer - GTM Operations - Contract,HashiCorp,California
Jr. Data Scientist,Cognowiz LLC,"Herndon, VA"
Marketing Specialist,City of San Antonio,"San Antonio, TX"
Digital Project Assistant,WhiskerCloud,"Newport Beach, CA"
Google Cloud DevOps Engineer,Candid,"Atlanta, GA"
Head of People Operations,Delve,"Boulder, CO"
OpenShift Administrator,IBM,United States
Digital Marketing Intern,KEEN Footwear,Remote
Site Merchandiser,Ashley Stewart,"Secaucus, NJ"
Full Stack - Java,Innovative Edge Consulting,"Frisco, TX"
Digital Marketing Specialist (Cloud Software Platform),"AgilePoint, Inc.",Remote
Full Stack Developer,Craftner INC,"Littleton Common, MA"
Quality Software Engineer,Commure,"Cambridge, MA"
"Developer Operations Engineer, Cloud Systems",Google,"Austin, TX"
Software Engineer Internship (Summer 2021),wepay,"Redwood City, CA"
Android Engineer,Xoriant Solutions,"Sunnyvale, CA"
Senior Front End Engineer,VSoft Corporation,Remote
Accountant,OneVision Resources,Remote
Google Workspace Deployment Specialist,Maven Wave,"Chicago, IL"
CYBERSECURITY ASSOCIATE,Systems X,"Chesterfield, MI"
Cloud Engineer - Assistant Vice President,Deutsche Bank,"Cary, NC"
Healthcare Client Partner,Maven Wave,Illinois
Senior Cloud Software Engineer,Celona,"Cupertino, CA"
Android Mobile Developer,Headgate LLC,"Salt Lake City, UT"
Strategic Solutions Associate,Viant,"Irvine, CA"
Remote: Network Operations Center Technician,J2 Cloud Services,Remote
Security Researcher,Stealthbits Technologies,Remote
SPCC - Technical Specialist,Golden Tech Systems Inc.,"Monroe, NC"
Software Engineer (Cloud)-Remote,TigerGraph,California
"Cloud Data Engineer (AWS, Azure, GCP)",Deloitte,"Phoenix, AZ"
Information Systems Administrator,HashiCorp,New York State
Technical Cloud Alliance Manager,Dynatrace,Remote
Customer Service Representative,SVP Worldwide,"La Vergne, TN"
Entry level Devops Engineer,Logos Infotech Inc,"New York, NY"
Senior DevOps/Cloud Engineer,InMarket,California
QA Reviewer - Cloud Systems,USDM Life Sciences,"Cambridge, MA"
Cloud Threat Detection Specialist,LIS,"Morrisville, NC"
Associate Counsel/Counsel,DNAnexus,"Mountain View, CA"
Entry level Devops Engineer,Cloudbigdata Technologies,"San Francisco, CA"
Cannabis Marketing Manager,Stash Ventures LLC dba Timber Cannabis Company,"Indianapolis, IN"
Enterprise Cloud Architect,CommunityAmerica Credit Union,"Lenexa, KS"
Big Data Developer,FirstByte Technologies,"San Francisco, CA"
Software Engineer University Grad,ViaSat,"Carlsbad, CA"
DevOps Engineer,Regional Finance,United States
"Technology, Media & Telecom Presales Solutions Engineer",Maven Wave,Illinois
Frontend Engineer,Ordergroove,New York State
Operations Analyst Sr.,Global Payments,"Columbus, GA"
"Sales Engineering Manager, Google Cloud",Google,"Saint Louis Park, MN"
DevOps Engineer,John Crane,"Fremont, CA"
.Net Software Engineer,Intone Networks,"Columbus, OH"
Software Engineer (All Levels),Ribbon Health,"New York, NY"
Apply today,Celigo,"San Mateo, CA"
Senior Cloud Engineer,Starkey Hearing Technologies,"Eden Prairie, MN"
Analytics Engineer,Digital Ocean Jobs,Massachusetts
Helpdesk Analyst,Brooklyn Minds Psychiatry,"New York, NY"
Business Analyst - Project Management,Medable,"Palo Alto, CA"
Cloud Network Engineer,Cotocus,"Sacramento, CA"
Cloud / DevOps Engineer,Slalom Consulting,"Silicon Valley, CA"
Google Cloud Lead Solution Data Architect,Borassus Infotech,"New York, NY"
Software Engineering - Associate Consultant,Slalom Consulting,"Boston, MA"
Network Specialist With GCP,Nivid Technologies,"Phoenix, AZ"
"Business Development Lead, Google Cloud Partnership",Verily,"South San Francisco, CA"
Software Engineer,Doxel,United States
Cloud Software Engineer,TechGuard,"Laurel, MD"
Google Cloud Lead Solution Data Architect,Borassus Infotech,"New York, NY"
Software Engineering - Associate Consultant,Slalom Consulting,"Boston, MA"
Network Specialist With GCP,Nivid Technologies,"Phoenix, AZ"
"Business Development Lead, Google Cloud Partnership",Verily,"South San Francisco, CA"
Software Engineer,Doxel,United States
Cloud Software Engineer,TechGuard,"Laurel, MD"
.Net Consultant,ComResource,"Columbus, OH"
Azure Cloud Computing Specialist,"General Dynamics Mission Systems, Inc",Remote
Software Developer,Net Android,United States
Fulfillment Specialist,Geotab,"Denver, CO"
Desk Office Assistant,AKA CONSULTANTS LTD,"Des Moines, IA"
Cloud Engineering Associate,Systems Implementers Inc,"Hill AFB, UT"
Technical Support Engineer,True Anthem,"San Francisco, CA"
"Center of Excellence Lead, Account Development, Google Cloud",Google,"Chicago, IL"
Data Scientist,Udacity,California
Cloud Engineering Associate,Systems Implementers Inc,"Hill AFB, UT"
Technical Support Engineer,True Anthem,"San Francisco, CA"
"Center of Excellence Lead, Account Development, Google Cloud",Google,"Chicago, IL"
Data Scientist,Udacity,California
"Hardware Power Test Engineer, Google Cloud",Google,"Sunnyvale, CA"
Software Engineer - Developer Productivity,Rubrik Job Board,"Palo Alto, CA"
Benefits Coordinator,HashiCorp,"San Francisco, CA"
Senior HR Business Partner,Dialpad,Oregon
"Customer Engineer, Azure Data & AI",Microsoft,United States
Mid Backend Engineer,Parsley Health,California
"Developer Relations Engineer, Google Cloud Infrastructure Advocate",Google,"New York, NY"
DevOps Engineer,Web Synergies,"Bellevue, WA"
New York | Ecommerce Coordinator,Marc Jacobs,"New York, NY"
Project Coordinator,Coalfire Federal,Remote
Azure Cloud Engineer,"2nd Watch, Inc.",United States
Cloud Architect,Ace-stack LLC,"Wilmington, DE"
Cloud Web Developer,LIBERTY Dental Plan,"Irvine, CA"
Full Stack Engineer,Aurora,"Mountain View, CA"
Remote - Senior HR Generalist- Contract,SmartThings,United States
Cloud Automation engineer,Cotocus,"Sacramento, CA"
Marketing Cloud Solutions Architect,SurveyMonkey,California
Staff Data Scientist - Fraud Modeling,Walmart,"Dallas, TX"
Google Cloud Lead Solution Architect,Raditech LLC,"San Francisco, CA"
Immigration Manager,HashiCorp,California
Full Stack WordPress Developer,Education Services LLC,"Sandy, UT"
Cloud Sales Engineer,Mitel,Texas
"Big Data and Analytics Consultant, Looker, Google Cloud",Google,"San Francisco, CA"
Digital Artist,77Sparx,"Sunnyvale, CA"
Lead Cloud Modernization Subject Expert - Industrial Sector,IBM,United States
Cloud Computing & Operations Specialist,"General Dynamics Mission Systems, Inc","Scottsdale, AZ"
Cloud Sales Engineer,Mitel,Texas
"Big Data and Analytics Consultant, Looker, Google Cloud",Google,"San Francisco, CA"
Digital Artist,77Sparx,"Sunnyvale, CA"
Lead Cloud Modernization Subject Expert - Industrial Sector,IBM,United States
Cloud Computing & Operations Specialist,"General Dynamics Mission Systems, Inc","Scottsdale, AZ"
"Customer Protection Innovation & Analysis Intern - Summer 2021, St. Cloud, MN",Capital One - US,"Saint Cloud, MN"
IT Support Technician (2021-2022),Compass Rose Public Schools,"San Antonio, TX"
Customer Success/Data Research,RocketReach.co,United States
Operations Associate,Black Bear Sports Group,"Bethesda, MD"
Academic Technology Coordinator,Vartek Services Inc,"Winter Haven, FL"
Director of Partner Sales - Cloud Solutions,Boston Partners,"Chicago, IL"
Social Media & Communications Associate Bilingual Spanish,VNA Health Care,United States
Associate QA Engineer,Urban FT,"Brooklyn Park, MN"
Site Reliability Engineer,Celona,"Cupertino, CA"
Cloud Software Engineer,ГенМастер,"Redwood City, CA"
IT Technician II & III,Radcomp Technologies,"White Salmon, WA"
Sr. Consultant - FedRAMP Advisory Services,"stackArmor, Inc","Tysons, VA"
Systems Administrator,Astravo,"Mesa, AZ"
Systems Administrator,"Fishman Transducers, Inc.","Andover, MA"
Quality Assurance Director,Big Bear Vacations,"Big Bear Lake, CA"
Digital Marketing Strategist,North Brookfield Savings Bank,"North Brookfield, MA"
OpenShift Software Development Internship,Red Hat Software,"Sacramento, CA"
CPQ APPLICATIONS PROGRAMMER ANALYST,"Frazer, LTD","Houston, TX"
Sales Operations Internship - Summer 2021,"Seismic Software, Inc.","Boston, MA"
"Software Engineer, Cloud",Cloudera,"Santa Clara, CA"
Data QA Engineer,Pantheon,Remote
"Cloud Architect, Red Hat Enterprise Linux",Red Hat Software,Remote
AWS Engineer,Veear Projects,"Santa Clara, CA"
Flutter Developer Independent Contractor,Effortless Development LLC.,"Austin, TX"
Data Center Sales Specialist - Atlanta,Cisco Systems,"Atlanta, GA"
MARKETING ASSISTANT - ROXY,Boardriders,"Huntington Beach, CA"
Digital Delivery Manager,Achieve Internet,Remote
Entry-Level - Technical Consultant,SAS Institute Inc,"Cary, NC"
"Site Lead, Technical Solutions Engineer, Google Cloud",Google,"Atlanta, GA"
Cloud Solution Architect,L&T Infotech,"San Jose, CA"
Google Cloud Platform Specialist,Cognizant Technology Solutions,"Newark, NJ"
Cloud Computing Engineer,National Renewable Energy Laboratory,"Golden, CO"
Technical Support Engineer - Google Cloud,Webhelp Americas,"Phoenix, AZ"
Email Marketing Specialist (work remotely!),"Mercatalyst, Inc.",Remote
HubSpot expert,AcquireB2B,"North Kingstown, RI"
Sr. Software Engineer I,Datto Inc.,Oregon
Google G-Suite Messaging Administrator (Full Time),Genesis Healthcare - Genesis HealthCare,"Kennett Square, PA"
eBusiness Coordinator,Denken Solutions Inc,"Bridgewater, NJ"
DevOps Engineer,Foxconn Industrial Internet - FII,"Sturtevant, WI"
Virtual Transactional Paralegal,Equivity,Remote
Summer 2021 VH1 Digital Production Intern,CBS Interactive,United States
Executive Assistant to the CEO,Zuora,"Redwood City, CA"
UI Developer,Robotic Imaging Group,"Philadelphia, PA"
Sr. Software Developer - Cloud Engineering Infrastructure Development,Oracle,United States
Cloud Web Developer,EEO,"Irvine, CA"
Senior Software Developer,ClaimLogiq,"Lexington, KY"
SAP Basis Consultant,NIMBL Worldwide Inc.,Remote
"Director, Cloud Infrastructure",Silicon Valley Bank,"Tempe, AZ"
QA Engineer,SkySync,"Ann Arbor, MI"
"MACHINE LEARNING ENGINEER, SPEECH/NLP",Eduworks Corporation,"Corvallis, OR"
"Associate, Corporate Development",AppFolio,"Santa Barbara, CA"
Enterprise Cloud Engineer,Vickers & Nolan Enterprises,Virginia
Senior Front End Developer,Hypergiant,Colorado
"Business Systems Analyst, Google Domains",Google,"Seattle, WA"
Cloud Application Architect,"World Wide Technology, Inc.",Remote
"Full Stack Developer (Remote) - Angular, NodeJS, mySQL, GCP",Documo Inc,United States
Google Cloud Platform Cloud Infrastructure Engineer (Remote),Acxiom,Remote
Software Development Manager,"Perceptronics Solutions, Inc",Remote
Remote Sensing of River Discharge,Jet Propulsion Laboratory,"La Cañada Flintridge, CA"
Cloud Solution Architect,Info Way Solutions,"New York, NY"
Sales Development Representative,Deputy,"San Francisco, CA"
Customer Success Manager,BioDigital,Remote
"Product Marketing Manager, Databases, Google Cloud",Google,"Sunnyvale, CA"
Technical Support Specialist - Japan Region,Megaport,United States
Conversational AI/NLU Specialist,Concentrix,Remote
"Financial Analyst, Compute, Google Cloud Platform Product Finance",Google,"Sunnyvale, CA"
Digital Marketing Strategist,North Brookfield Savings Bank,"North Brookfield, MA"
AWS Cloud Engineer,"Stellar Technology Solutions, LLC",United States
Systems Administrator,Astravo,"Mesa, AZ"
Technical Product Owner with Cloud and Data Architecture skills,KPO Partners,Remote
Creative Communications Director,ZEBRADOG,"Madison, WI"
Performance Security Architect,ABC INFORMATION TECHNOLOGY GROUP,"Austin, TX"
FPGA Engineer,Transpacific Technologies INC,"Los Angeles, CA"
Cloud/DevOps Engineer,Executive Recruiting,"Washington, DC"
Quality Assurance Engineer,Secberus Inc,Remote
DevOps Cloud Engineer - Remote During COVID | W2 Only,"BizTek People, Inc.","Portland, OR"
Cloud Architect,Ahana,Remote
Cloud Data Engineer || Only W2,Nasscomm,"Albany, NY"
"Software Developer, React","US News & World Report ,L.P.","Washington, DC"
Front End Web Developer,Accenture,"San Francisco, CA"
"Senior Organizer, Economic Justice Team",Center For Community Change,United States
"Software Engineer, Cloud SQL",Google,"Sunnyvale, CA"
Land Acquisitions Associate,AutoCamp,Remote
"Software Engineer I, Ruby (Billing Team)",BigCommerce,"Austin, TX"
Director of Data & Analytics,Macro Solutions,"Phoenix, AZ"
Recruiting Coordinator,"Ironclad, Inc.","San Francisco, CA"
Cloud engineer,Cotocus,"Sacramento, CA"
Data Collection Clerk,"Center Point, Inc.","Sacramento, CA"
Director of Data & Analytics,Macro Solutions,"Phoenix, AZ"
Recruiting Coordinator,"Ironclad, Inc.","San Francisco, CA"
Cloud engineer,Cotocus,"Sacramento, CA"
Data Collection Clerk,"Center Point, Inc.","Sacramento, CA"
"Senior Software Engineer, Cloud","Magic Leap, Inc.",Florida
Renewal Sales Representative,Cohesity,California
Data Guardian,Slalom Consulting,"Philadelphia, PA"
Technical Estimation Writer,WillowTree,"Charlottesville, VA"
Senior Lead Cloud Architect (Remote),Ace-stack LLC,"Jersey City, NJ"
Security Engineer (Remote),CrowdStrike,United States
Backend Engineer,APY Finance,"New York, NY"
"Technical Account Manager, Retail, Google Cloud Professional Services",Google,"San Francisco, CA"
Big Data & Cloud Engineering Intern,Rakuten Americas,"San Mateo, CA"
Client Delivery Executive - Enterprise Cloud Solutions,"2nd Watch, Inc.",United States
Software Developer,LumApps,"Austin, TX"
Big Data & Cloud Engineering Intern,Rakuten Americas,"San Mateo, CA"
Client Delivery Executive - Enterprise Cloud Solutions,"2nd Watch, Inc.",United States
Software Developer,LumApps,"Austin, TX"
Test Specialist L3,Capgemini,"Charlotte, NC"
"Director, Small-Medium Business and Scaled Marketing, Google Cloud",Google,"Sunnyvale, CA"
DevOps Engineer,Ad Hoc Team,"Rochester, MN"
Cloud Support Engineer,Provenir Inc.,"Parsippany, NJ"
Android Engineer,Rekrooting,"San Bruno, CA"
Membership Specialist,Equity LifeStyle Properties,"Chehalis, WA"
IT/Web Developer Generalist (Global),Mercy For Animals,California
BackEnd Engineer,Peerspace,Remote
"Network Support Technician (full time, work from home)",Connetic Inc,"Paducah, KY"
DevOps Consultant,StackOverdrive.io,"New York, NY"
Summer IT Support Internships,RingCentral,"Belmont, CA"
Campus Computer Technician,ESC Region 11,United States
Campus Computer Technician,ESC Region 11,United States
SFCC Architect,Modernagile Technologies,"Baltimore, MD"
Broker,Magnitude Digital Solutions,"Orlando, FL"
Specialist I - DevOps Engineering,UST Global,"Thousand Oaks, CA"
"Full-time Technician, Digital/Analog Fabrication",The New School,"New York, NY"
"Product Designer, Consul Cloud",HashiCorp,"San Francisco, CA"
IT Project Coordinator,Davin Technology Group,"Plymouth, MA"
"Program Manager, Revenue Consumption, Google Cloud",Google,"Sunnyvale, CA"
Sr. Cloud Implementation Consultant,Avtex,Remote
Systems Engineer,Mirazon,"Louisville, KY"
Business Analyst,Claritas Rx,California
Service Desk Technician Level I,Corsica Technologies,Remote
Business Analyst,TriTech Software Development,"Allen, TX"
Junior Software Engineer,General Dynamics Information Technology,"Tampa, FL"
Cloud Developer,Peraton,"Chantilly, VA"
"Director, Website Initiatives",Sprinklr,New York State
Salesforce Marketing Cloud (SFMC) Specialist,Wyndham Destinations,"Orlando, FL"
Fullstack Engineer,MainStreet,Remote
Software Engineer - Platform Team,"Boku, Inc.","San Francisco, CA"
Sr. Cloud Engineer,Levi Strauss & Co.,"San Francisco, CA"
Senior Web Developer,MDL - Beverly Hills Plastic Surgery,"Beverly Hills, CA"
"Digital Marketing Manager, Google Cloud, Cybersecurity",Google,"San Francisco, CA"
Bioinformatics Scientist,WUGEN,"St. Louis, MO"
Senior Cloud Systems Engineer,Ball Aerospace,"Broomfield, CO"
Consulting - Senior Consultant Cybersecurity - Cloud Security,Ernst & Young,United States
Executive Assistant to CEO,Sprinklr,"New York, NY"
"Junior System Administrator, Information Technology",Evidence Action,"Washington, DC"
"Senior Staff Software Engineer, Control Plane, Google Cloud",Google,"Sunnyvale, CA"
Cloud Software Engineer,"OPS Consulting, LLC","Laurel, MD"
"Collaboration and Communication Global Practice Lead, Google Cloud",Google,"Sunnyvale, CA"
Systems Engineer I,Cortavo,"Marietta, GA"
CYBERSECURITY ASSOCIATE,Systems X,"Chesterfield, MI"
Cloud Engineer - Assistant Vice President,Deutsche Bank,"Cary, NC"
Healthcare Client Partner,Maven Wave,Illinois
Senior Cloud Software Engineer,Celona,"Cupertino, CA"
Strategic Solutions Associate,Viant,"Irvine, CA"
Remote: Network Operations Center Technician,J2 Cloud Services,Remote
Security Researcher,Stealthbits Technologies,Remote
SPCC - Technical Specialist,Golden Tech Systems Inc.,"Monroe, NC"
Software Engineer (Cloud)-Remote,TigerGraph,California
Tier 2 Tech Support,Technology Response Team,"Denver, CO"
Quality Assurance Director,Big Bear Vacations,"Big Bear Lake, CA"
Digital Marketing Coordinator,Robert's Medical Uniforms,"New Philadelphia, OH"
Systems Administrator,Astravo,"Mesa, AZ"
Sr. Consultant - FedRAMP Advisory Services,"stackArmor, Inc","Tysons, VA"
Performance Security Architect,ABC INFORMATION TECHNOLOGY GROUP,"Austin, TX"
Backend Developer/Programmer (Local Candidates only),WAAY LLC,"Prescott, AZ"
Customer Retention Representative,FMG Suite,"Pleasant Grove, UT"
Sr. Web/Cloud Software Engineer,"Super Micro Computer, Inc.","San Jose, CA"
Cloud Computing Instructor,Coding Dojo,"Seattle, WA"
Software Engineer - Core Engineering - Cloud Enablement,Goldman Sachs,"Dallas, TX"
Data Scientist,Pixability,"New York, NY"
Real Estate Marketing Social Media Specialist,The Shanken Team,"Hinesville, GA"
Cloud Security Systems Engineer,Palo Alto Networks,"Nashville, TN"
Senior Executive Assistant,Smartsheet,"Bellevue, WA"
Solutions Engineer,Segment,California
"Manager, Data and Analytics, Google Cloud Support",Google,"Atlanta, GA"
Account Advisor *Full Benefits-Starts 17.30/hr*,Upgrade,"Phoenix, AZ"
Cloud Solution Architect-SAP,Microsoft,United States
Backend Engineer,TRM Labs,"San Francisco, CA"
PwC Technology - G-Suite Operational Support Admin,PRICE WATERHOUSE COOPERS,"Birmingham, AL"
Senior Compensation Analyst,External,Oregon
Senior Compensation Analyst,External,Oregon
Senior Software Engineer (cloud/backend),New Relic,"Boston, MA"
DevOps Engineer,Bitglass Inc.,"Campbell, CA"
"Cloud Infrastructure SRE, NSW",NSW Nokia Software,"Austin, TX"
Marketing Assistant,Bryant Digital,"Virginia Beach, VA"
"Sr. Principal Software Engineer, Go Lang - Secureworks - (100% Remote US; Or Austin, TX)",Secureworks,"Austin, TX"
Senior Cloud Backend Software Engineer,Cana,"San Francisco, CA"
Software Developer Intern,KeyLogic Systems,"Washington, DC"
Cloud Business Office Lead,Pfizer,"Tampa, FL"
Cloud Native Application Associate Architect,Accenture,"Detroit, MI"
Sales appointment setter | Client Coordinator | Sales manager,ADME | Social Media Marketing,Remote
Cloud Analytics - Machine Learning/Data in Motion,Deloitte,"Lake Mary, FL"
Head of People,ILIA Beauty,"Laguna Beach, CA"
"Chief of Staff San Francisco, CA",VMware,"San Francisco, CA"
AEM Developer,iknowvate technologies,"Detroit, MI"
DevOps Engineer,Bitglass Inc.,"Campbell, CA"
"Cloud Infrastructure SRE, NSW",NSW Nokia Software,"Austin, TX"
Marketing Assistant,Bryant Digital,"Virginia Beach, VA"
"Sr. Principal Software Engineer, Go Lang - Secureworks - (100% Remote US; Or Austin, TX)",Secureworks,"Austin, TX"
Senior Cloud Backend Software Engineer,Cana,"San Francisco, CA"
Software Developer Intern,KeyLogic Systems,"Washington, DC"
Cloud Business Office Lead,Pfizer,"Tampa, FL"
Cloud Native Application Associate Architect,Accenture,"Detroit, MI"
Sales appointment setter | Client Coordinator | Sales manager,ADME | Social Media Marketing,Remote
Cloud Analytics - Machine Learning/Data in Motion,Deloitte,"Lake Mary, FL"
Head of People,ILIA Beauty,"Laguna Beach, CA"
"Chief of Staff San Francisco, CA",VMware,"San Francisco, CA"
AEM Developer,iknowvate technologies,"Detroit, MI"
Sr. Cloud Operations Engineer,"2nd Watch, Inc.",Remote
Android and Mobile Developer,Wintrio,"Washington, DC"
Recruitment Coordinator (Contract),BRAZE,"New York, NY"
Cloud Developer,Pfizer,"Tampa, FL"
Software Engineer - API,Rush ReCommerce,Remote
Chief of Staff,AmpersandPeople,"Brooklyn, NY"
Infrastructure Engineer,Peerspace,Remote
Data Operations Associate,STORD,"Atlanta, GA"
Sales specialist,"Atlantic Broadband Finance, LLC","Miami Beach, FL"
Sr. Google Cloud Engineer,"Credence Management Solutions, LLC",Remote
"Sales Engineer, Application Modernization, Google Cloud",Google,"New York, NY"
"Cloud DevOps Engineer, Mid",Booz Allen Hamilton,"McLean, VA"
Project Coordinator,Project Support Services,"Orange, CA"
Content Taxonomist,Udacity,California
"English Editor, Scripting",Deluxe Entertainment,"N Hollywood, CA"
Systems Admin/Cloud Admin/Technical Engineer/Analyst,JST,Remote
Cloud Software Engineer,IAMUS Consulting,"Linthicum Heights, MD"
"Engineering Manager, Google Cloud Platform",Google,"Mountain View, CA"
Applications Development Manager,CEDENT,"Brentwood, TN"
SDK Engineer,Mux,"San Francisco, CA"
Cloud Practice Manager,Burwood Group,"Charlotte, NC"
Project Manager,Flywheel.io,Remote
Frontend Software Engineer (React),Custom Ink,"Fairfax, VA"
"Administrative Business Partner, Cloud Sales",The Mom Project,"Austin, TX"
Cloud Data Architect,Slalom Consulting,"Silicon Valley, CA"
Senior Cloud Security Engineer(remote virtual home office eligible),Humana,"Arlington, VA"
Analyst,Blue State,"Washington, DC"
Information Designer/Developer Summer Intern: 2021,IBM,United States
Cloud Architect – Google Cloud,EPAM Systems,"Los Angeles, CA"
Software Engineer - Back End,Fringe,Virginia
Sr. Project Manager- Contractor,Spire Digital,"Denver, CO"
Data Center Product Sales Specialist-USC West,Cisco Systems,"San Jose, CA"
Senior Cloud Security Engineer(remote virtual home office eligible),Humana,"Arlington, VA"
Analyst,Blue State,"Washington, DC"
Information Designer/Developer Summer Intern: 2021,IBM,United States
Cloud Architect – Google Cloud,EPAM Systems,"Los Angeles, CA"
Software Engineer - Back End,Fringe,Virginia
Sr. Project Manager- Contractor,Spire Digital,"Denver, CO"
Data Center Product Sales Specialist-USC West,Cisco Systems,"San Jose, CA"
Unity Developer,"Mosaic Learning, Inc.","Columbia, MD"
Software Engineer,Liberty Mutual Insurance,Remote
AWS Cloud Architect,Slalom Consulting,"Westchester County, NY"
Web Communications Manager,North Carolina State University,"Raleigh, NC"
"Director, Architecture",Liberty Mutual Insurance,Remote
Deal Structuring Associate/Senior Associate,Sparkfund,Remote
Accountant II,Ecumen,"Shoreview, MN"
Software Developer (Remote),Tailwind,Remote
Principle Cyber SME,"Praetorian Standard, Inc.","Aberdeen, NC"
Azure Cloud Engineer,"2nd Watch, Inc.",United States
"Software Engineer, Backend (Cloud) - Distributed US, Toronto, London",Cockroach Labs,New York State
Machine Learning Internship,Percolata Corporation,"Palo Alto, CA"
Corp Solutions Architect - Cloud,SHI International Corp.,Remote
Web Developer / IT Jedi Knight,"Xytogen Biotech, Inc.","Chico, CA"
Data science,Cognowiz solutions LLC,"Herndon, VA"
Global Security – Cloud Penetration Testing Consultant - X-Force Red,IBM,United States
Cloud Architect,Ace-stack LLC,"Wilmington, DE"
Cloud Web Developer,LIBERTY Dental Plan,"Irvine, CA"
Full Stack Engineer,Aurora,"Mountain View, CA"
Account Manager - Google Cloud,Webhelp Americas,"Austin, TX"
Technical Support Engineer - Google Cloud,Webhelp Americas,"Phoenix, AZ"
Quality Assurance Director,Big Bear Vacations,"Big Bear Lake, CA"
Creative Communications Director,ZEBRADOG,"Madison, WI"
Web Project Manager,Confidential Posting,"Tulsa, OK"
Cloud Infrastructure Engineer,Science 37,"Dallas, TX"
Cloud Security Engineer,The University of Chicago,"Chicago, IL"
Data Engineer,Adstra,"Princeton, NJ"
System Administrator,Yuma Union High School District,"Yuma, AZ"
"Engineer, Cloud Development",Dover Fueling Solutions,"Austin, TX"
Marketing Internship,Giphte LLC,"New York, NY"
Cloud Transformation Consultant,Slalom Consulting,"Atlanta, GA"
DevOps Engineer,Disys India Private Limited,United States
Research Scientist,Hired Recruiters,"Austin, TX"
Data Engineer,TMP Worldwide,United States
Product Support Associate - New York,JOOR,"New York, NY"
Post Close Correction Analyst,eXp Realty,"Jacksonville, FL"
Production Manager,Western Governors University,"Salt Lake City, UT"
Software Engineer - Cloud,Egnyte,"Mountain View, CA"
CBO – Cloud Architect – PDM,Deloitte,"Atlanta, GA"
CBO – Cloud Architect – PDM,Deloitte,"Atlanta, GA"
Network Engineer,"Swipejobs, Inc.","Buford, GA"
"Solutions Architect, Cloud Transformation",State Street,"New York, NY"
Software Engineer in Test,Tausight,Remote
"Software Engineer, Android",Dialpad,Oregon
Hybrid Cloud Solutions Architect,Redapt,Georgia
Cloud Engineer,Conduent,"Morrisville, NC"
Cloud Infrastructure Engineer (Python + Terraform),Built Technologies,"Nashville, TN"
Organizational Effectiveness Consultant,Slalom Consulting,"Atlanta, GA"
"Full Stack Developer, Junior",Booz Allen Hamilton,"Alexandria, VA"
Integrations Engineer,SalesLoft,Georgia
"Product Manager, Google","Insight Enterprises, Inc.","Tempe, AZ"
Director of Environmental Health and Safety,Procore Technologies,"Austin, TX"
Intermediate Backend Engineer,Databook,"Palo Alto, CA"
IT Associate,Automation-X Corporation,"Fort Collins, CO"
Cloud Software Engineer,Ahana,Remote
Sr. Full Stack Engineer - Creative Cloud,Adobe,"San Jose, CA"
Data Analytics Developer,LotLinx,"Peterborough, NH"
Customer Service Specialist,Orbee Auto,"Irvine, CA"
GCP Architect,Tekskills Inc,"Southlake, TX"
Cloud Architect,Equifax,"Alpharetta, GA"
Customer Success Representative,MyTime,"Salt Lake City, UT"
AI Consultant,ConvergeOne,Remote
"Senior Technical Recruiter, Contract",Dialpad,California
"Staff Software Engineer, Kernel Generalist Team, Google Cloud",Google,"Seattle, WA"
Principal Middleware Engineer,Discover Financial Services,Remote
Cloud Data Engineer,Fairway Independent Mortgage Corporation,"Carrollton, TX"
"Cloud Architect, Healthcare",PRICE WATERHOUSE COOPERS,"Washington, DC"
Product Management Internship,Red Hat Software,"Boston, MA"
Director of Security & Compliance,OpenGov,Remote
Director of Security & Compliance,OpenGov,Remote
Software Development Engineer in Test,Apex Clearing,Oregon
(PB)GCP Certified Professionals,Innovyt,"Dallas, TX"
Video Technician,Bitstaff Consulting LLC,"New York, NY"
Demand Generation Manager,Codefresh,Remote
Project Manager - Cloud Services,Citihub,"Charlotte, NC"
Cloud Architect,Saggezza,"Chicago, IL"
Implementation Consultant,"Applied Systems, Inc.",Remote
Hotel Technology Support,The Witness Group,"Lewis Center, OH"
Software Architect - Java - Pleasanton Hub,Veeva Systems,"Pleasanton, CA"
P4 IReadiness Liaison,Golden Tech Systems,"Durham, NC"
"Staff Software Engineer, Google Translate Evaluation",Google,"Mountain View, CA"
eCommerce Merchandising Associate ROXY,Boardriders,"Huntington Beach, CA"
Software Engineer,Fortanix,"Mountain View, CA"
Data Engineer,Pantheon,California
Data Engineer,Pantheon,California
Sr. Cloud Architect,Oracle,United States
Senior Data Engineer - Cloud Services,HashiCorp,Washington State
Cassandra + AWS / GCP,Bluefox Technologies,"Minneapolis, MN"
Sr. Associate - Cognitive Search Practice (Multiple Openings),MC+A,Remote
Engineering Intern,Somnology Inc.,"Redwood City, CA"
Application Developer,ADP,"Pasadena, CA"
Data Analyst - Looker,Elasticiti,Remote
Assistive Technology Professional Field Technician and Trainer,"Techy Joe's Computer Solutions, LLC","Denver, CO"
"Business Development Manager, Cloud Alliances",Rubrik Job Board,Texas
Team Integration Specialist,eXp Realty,"Orlando, FL"
Software Engineering Intern - FDX,FS-ISAC,"Reston, VA"
"Internal Communications Intern - Summer 2021, St. Cloud, MN",Capital One - US,"Saint Cloud, MN"
Information Technology Intern,Fuel Cycle,"Los Angeles, CA"
Cloud Engineer,Essential Technologies,"Lawrenceville, GA"
Systems Engineer,Corsica Technologies,"Augusta, GA"
Cloud Solutions Architect,"iHeartMedia, Inc.","San Antonio, TX"
REMOTE ColdFusion Developer,MeetingPlay,"Frederick, MD"
Service Desk Manager,Trailways.com,"White Plains, NY"
Linguistic Quality Specialist,Deluxe Entertainment,"N Hollywood, CA"
Senior Cloud DevOps Engineer,"Simple Technology Solutions, Inc.","Washington, DC"
AWS Cloud Architect,Dascase Technologies,"Morrisville, PA"
SaaS Applications Administrator,Expel,Virginia
"Customer Success Manager, SMBs - Remote (EST or CST)","Cloud Academy, Inc.",Remote
IT Instructor - Online,CBT Nuggets,Remote
Coming Soon: Software Developer - Web & Mobile,P3,"Ankeny, IA"
Neuroinflammation Sample Coordinator,Yale University,"New Haven, CT"
Customer Engineer,Woolpert,United States
Senior Backend Developer,Gorilla Logic,Remote
Marketing Operations Manager,Armory,California
Account Executive,NIMBL Worldwide Inc.,Remote
Cloud Infrastructure Engineer - DevSecOps (Contractor),Saga Healthcare IT,"West Palm Beach, FL"
Technical Lead Google Cloud,TCS,"Norwalk, CT"
Account Manager - Google Cloud,Webhelp Americas,"Austin, TX"
UIPath Developer,CACI,Virginia
Customer Engagement Manager,Egnyte,"Raleigh, NC"
Backend Software Engineer,"Fulfil Solutions, Inc.",California
Entry Level - Full Stack Developer,TVB USA INC,"Norwalk, CA"
"Project Manager, Art Commissions",Facebook,"Menlo Park, CA"
RedHat Cloud Delivery Architect Lead,IBM,"Miami, FL"
Service Reliability Engineer,Oracle,United States
Content & Campaigns Strategist,Blue State,"Washington, DC"
Technical Services Admin (Tier-2),Learn On Demand,"Tampa, FL"
React Native Mobile Developers,"Incept Data Solutions, Inc",Remote
"Data Scientist/Analyst [R, Python,Google Cloud]",TSG Engineering,"Ellicott City, MD"
Graphic Designer,Harness.io,"San Francisco, CA"
Pre and Post Sales Engineer,Tokalabs,"San Francisco Bay Area, CA"
Technical Solutions Consultant,Woolpert,United States
Key Account Manager,Anova,"New Providence, NJ"
Lead Google Cloud Platform Architect,Endava,"Atlanta, GA"
Senior Threat Research Analyst- Cloud,"FireEye, Inc.","Reston, VA"
Backend Developer,Frame,"Los Angeles, CA"
Sr. Software Engineer,"Ozmo, Inc.","Austin, TX"
Virtual Assistant,The Powerline Group,"Boca Raton, FL"
Cloud Software Engineer (U.S. Citizens ONLY),TAA Solutions LLC,"Linthicum Heights, MD"
Cloud Engineer,Yakshna Solutions,"Herndon, VA"
Sr. Cloud Architect - Remote Optional,Centroid Systems Inc,"Troy, MI"
Frontend Engineer,AlphaFlow,"San Francisco, CA"
Cloud Services Engineer,"ScaleMatrix Holdings, Inc.","Charlotte, NC"
"Cloud Computing & Networking, Senior Associate, TMT",PRICE WATERHOUSE COOPERS,"Atlanta, GA"
IT Engineer (Google Workspace experience a plus),Privia Health,Remote
DevOps Engineer Internship/Co-op - Spring/Summer 2021,Vecna Robotics,"Waltham, MA"
Enterprise Cloud Engineer,Vickers & Nolan Enterprises Llc,Virginia
Benefits Specialist,Geotab,"Las Vegas, NV"
AWS Cloud Architect,TaskUs,"San Antonio, TX"
"Software Engineer/Developer, Cloud",Rockwell Automation,"San Jose, CA"
Modern Workplace Consultant,Burwood Group,"Charlotte, NC"
Cloud Services Engineer,eGroup,"Mount Pleasant, SC"
Senior Test Automation Engineer,InterSources Inc,"Mesa, AZ"
Cloud Architect/Engineer,BIAS,"Roswell, GA"
Software Development Engineer Back End 4,Michaels,"Irving, TX"
AWS Cloud Solutions Architect - Remote,Magenic,"Saint Louis Park, MN"
"Software Engineer, Search",Benchling,"San Diego, CA"
Software Engineering Summer Interns,Toyota Connected North America,"Plano, TX"
Data Scientist,TCS,"Atlanta, GA"
"Cloud Developer, Senior",Booz Allen Hamilton,"Huntsville, AL"
Operations Coordinator,Blue Team Alpha,Remote
"Manager, Business Solutions",Smart Electric Power Alliance,United States
Copy Writer/Copy Editor (Contractor/Remote),Groworx,Texas
Inside Sales Representative,Snyk,Massachusetts
Software Engineer,"Array Technologies, Inc","Chandler, AZ"
Technical Solutions Architect - Cloud and Automation Chicago,Cisco Systems,"Chicago, IL"
"Corporate Sales Engineer, Google Cloud",Google,"New York, NY"
Implementation Manager,Demandbase,New York State
DevSecOps Engineer,Object Computing Inc.,"St. Louis, MO"
DevOps Engineer,Mobalytics,Remote
Cloud Security Architect,"Sparta Systems, Inc.","Township of Hamilton, NJ"
Technical Sales Engineer,Tausight,Remote
Cloud Operations Engineer,INFOSIGHT®,Remote
Senior Google Cloud Platform Cloud Infrastructure Architect (Remote),Acxiom,Remote
Specialty Sales Executive - Public Cloud,Softchoice,"San Francisco, CA"
Web Application Developer,Medical Science & Computing,"Rockville, MD"
Master Node Engineer,Capital One,"Richmond, VA"
Solutions Architect,JDSAT,"McLean, VA"
Assistant Director for Technology Support Center (Administrator I) / ITS - Technology Support Center,"California State University, San Bernardino","San Bernardino, CA"
Senior Software Engineer,Aerotek,"Madison, WI"
"Senior C++ Software Developer, full time position",Medical Science & Computing,"Bethesda, MD"
Solution Architect,NTT DATA Corporation,"Charlotte, NC"
Senior Web Developer,Mentor Creative Group,"Seattle, WA"
"2021382 Test Engineer $195,000.00",B4CORP,"Reston, VA"
AWS Cloud Senior Developer - CDI,Deloitte,"New York, NY"
Cybersecurity Architect ( 3 Openings),GM Financial,"Arlington, TX"
L&D - Design and Development Digital -Tier 4,Corporate Brokers,"Tampa, FL"
Manager of Data Analytics,Agilis Systems LLC,"Chesterfield, MO"
Principal Node Engineer,ComResource,"Columbus, OH"
"2021416 FullStack Developer $215,000.00",B4CORP,"Reston, VA"
"2021252 Storage Engineer $215,000.00",B4CORP,"Tysons, VA"
Sr Cybersecurity Engineer,GM Financial,"Arlington, TX"
Senior Director of Website Marketing,Endurance International Group,"Waltham, MA"
"2021290 Web Developer $185,000.00",B4CORP,"McLean, VA"
Junior SAS / SQL Data Analyst,Ascent Services Group,"Oakland, CA"
Principal Engineer/Architect,Thryv,"Dallas-Fort Worth, TX"
"2021394 JavaScript Developer $215,000.00",B4CORP,"Reston, VA"
Sr. Software Engineer,Robert Half,"Holmdel, NJ"
"Senior Technical Product Manager - AI Infrastructure, Deep Learning",NVIDIA,"Santa Clara, CA"
Senior Software Engineer,Johns Hopkins Applied Physics Laboratory (APL),"Laurel, MD"
Senior Website Developer- Marketing,CyberCoders,"Pewaukee, WI"
Senior/Lead Software Kubernetes Engineer (Remote),CyberCoders,"Austin, TX"
.NET Developer,VanderHouwen,"Canby, OR"
