Profile,Company Name,Location
"Customer Success Regional Lead, Google Cloud",Google,"Atlanta, GA"
"Customer Success Regional Lead, Google Cloud",Google,"Austin, TX"
"Customer Success Regional Lead, Google Cloud",Google,"Sunnyvale, CA"
"Customer Success Regional Lead, Google Cloud",Google,"New York, NY"
"Customer Success Regional Lead, Google Cloud",Google,"Chicago, IL"
"Field Sales Manager, Google Cloud",Google,"Chicago, IL"
"Product Manager, Google Cloud",Google,"Irvine, CA"
"Partner Incentives Program Analyst, Google Cloud",Google,"New York, NY"
"Programs and Strategy Manager, Google Cloud Partner Ecosystem",Google,"Sunnyvale, CA"
"Sales Engineer, Data Analytics, Google Cloud",Google,"Irvine, CA"
"Head of Enterprise Partner Sales, Google Cloud",Google,"New York, NY"
"Global Compete Lead, Google Cloud",Google,"Atlanta, GA"
"Global Compete Lead, Google Cloud",Google,"Austin, TX"
"Customer Success Manager, Google Cloud",Google,"Atlanta, GA"
"Global Compete Lead, Google Cloud",Google,"Sunnyvale, CA"
"Global Compete Lead, Google Cloud",Google,"Mountain View, CA"
"Product Manager, Google Cloud",Google,"Mountain View, CA"
"Global Compete Lead, Google Cloud",Google,"New York, NY"
"Partner Strategy & Operations Manager, Google Cloud",Google,"Reston, VA"
"Customer Success Manager, Google Cloud",Google,"Sunnyvale, CA"
"Learning Opportunities Lead, Learning Services, Google Cloud",Google,"Austin, TX"
"Customer Success Manager, Media/Entertainment, Google Cloud",Google,"Los Angeles, CA"
"Product Manager, Google Cloud",Google,"New York, NY"
"Account Executive, Google Workspace, Google Cloud (Spanish, English)",Google,"Sunnyvale, CA"
"Account Executive, Google Workspace, Google Cloud (Spanish, English)",Google,"Austin, TX"
