Profile,Company Name,Location,Links
"Data Scientist - Big Data, Google Cloud, Messy Data",CyberCoders,"Everett, WA",https://job-openings.monster.com/data-scientist-big-data-google-cloud-messy-data-everett-wa-us-cybercoders/223404429
Software Developer( Java or Groovy/Google Cloud),RK Management Consultants,"Minneapolis, MN",https://job-openings.monster.com/software-developer-java-or-groovy-google-cloud-minneapolis-mn-us-rk-management-consultants/219705585
Google Cloud Platform - Cloud Engineer,Saicon Consultants Inc.,"Trophy Club, TX",https://job-openings.monster.com/google-cloud-platform-cloud-engineer-trophy-club-tx-us-saicon-consultants-inc/223268556
Google Cloud Sys Engineer  (DevOps/SE),Ciber Global,"Orlando, FL",https://job-openings.monster.com/google-cloud-sys-engineer-devops-se-orlando-fl-us-ciber-global/223066666
Google Cloud Platform Architect,Cognizant,"Phoenix, AZ",https://job-openings.monster.com/google-cloud-platform-architect-phoenix-az-us-cognizant/222959564
Database Architect/DBA (Google Cloud Data Lake),Odesus Inc,"Los Angeles, CA",https://job-openings.monster.com/database-architect-dba-google-cloud-data-lake-los-angeles-ca-us-odesus-inc/223470154
Google Cloud Database Engineer / Architect,Genuent,"Mountain View, CA",https://job-openings.monster.com/google-cloud-database-engineer-architect-mountain-view-ca-us-genuent/223510726
Data Engineer Co'Op - Cloud Pak for Data,IBM,"New York, NY",https://job-openings.monster.com/data-engineer-coop-cloud-pak-for-data-new-york-ny-us-ibm/223117286
Cloud Infrastructure Manager,Washington Health Benefit Exchange,"Olympia, WA",https://job-openings.monster.com/cloud-infrastructure-manager-olympia-wa-us-washington-health-benefit-exchange/5b0377f2-b611-4e7e-bc4e-71cd9b04c45e
Mobile Dev (IOS or Android)/AWS,Fidelity TalentSource,"Durham, NC",https://job-openings.monster.com/mobile-dev-ios-or-android-aws-durham-nc-us-fidelity-talentsource/f980694d-09de-41ed-842f-522de68d7fe5
Senior Network and Systems Engineer,Just-Tech LLC,"Manhattan, NY",https://job-openings.monster.com/senior-network-systems-engineer-manhattan-ny-us-just-tech-llc/223214212
AWS Partnership & Alliance Manager,Kaizen Technology Partners,"SAN FRANCISCO, CA",https://job-openings.monster.com/aws-partnership-alliance-manager-san-francisco-ca-us-kaizen-technology-partners/222597118
Senior Lead IT Cloud Engineer - Virtual,"Lumen Technologies, Inc","BROOMFIELD, CO",https://job-openings.monster.com/senior-lead-it-cloud-engineer-virtual-broomfield-co-us-lumen-technologies-inc/50364efb-290c-4450-9f53-b261c843a07c
Principal Security Consultant,Kratos Defense & Security Solutions,"Chantilly, VA",https://job-openings.monster.com/principal-security-consultant-chantilly-va-us-kratos-defense-security-solutions/abb071e9-ddc4-481a-9d98-3f0408063982
Senior Manager Cloud Infrastructure and Support,"BioIntelliSense , Inc.","Golden, CO",https://job-openings.monster.com/senior-manager-cloud-infrastructure-support-golden-co-us-biointellisense-inc/5042be8e-27f1-4020-8cab-6ac941433baa
Full Stack Developer,Power Fusion Media,SD,https://job-openings.monster.com/full-stack-developer-sd-us-power-fusion-media/e56b5bd0-184d-4d68-a971-b0f490be5bf3
Senior Network and Systems Engineer,Just-Tech LLC,"Manhattan, NY",https://job-openings.monster.com/senior-network-systems-engineer-manhattan-ny-us-just-tech-llc/223214212
Remote Application (Scala) Developer ? Senior,Kelly Mitchell,"St. Louis, MO",https://job-openings.monster.com/remote-application-scala-developer-senior-st-louis-mo-us-kelly-mitchell/2691832e-cff6-4a60-b371-798152ba7da9
Associate Technology Product Consultant,PSEG,"Newark, NJ",https://job-openings.monster.com/associate-technology-product-consultant-newark-nj-us-pseg/223485576
DevOps Engineer,Honeywell,"Broomfield, CO",https://job-openings.monster.com/devops-engineer-broomfield-co-us-honeywell/223125484
UI Developer / Angular / Typescript / Frontend / User Interface Developer,Iris Software Inc.,"Newark, NJ",https://job-openings.monster.com/ui-developer-angular-typescript-frontend-user-interface-developer-newark-nj-us-iris-software-inc/223465655
Software Engineers,Riverpoint Management LLC,"Rosemont, IL",https://job-openings.monster.com/software-engineers-rosemont-il-us-riverpoint-management-llc/223094884
Systems Architect,"Quicken Loans, LLC","Detroit, MI",https://job-openings.monster.com/systems-architect-detroit-mi-us-quicken-loans-llc/6a3a71a0-e2e8-4dff-88e7-b489924a4068
Manager of Application Development (Web/Mobile/Cloud),CBTS a Cincinnati Bell Company,"Phoenix, AZ",https://job-openings.monster.com/manager-of-application-development-web-mobile-cloud-phoenix-az-us-cbts-a-cincinnati-bell-company/217602951
Senior iOS Mobile Software Engineer,Globant LLC,"Seattle, WA",https://job-openings.monster.com/senior-ios-mobile-software-engineer-seattle-wa-us-globant-llc/223554107
Site Reliability Engineer,Tential,"McLean , VA",https://job-openings.monster.com/site-reliability-engineer-mclean-va-us-tential/223536471
Platform Architect,Rock Central,"Detroit, MI",https://job-openings.monster.com/platform-architect-detroit-mi-us-rock-central/7f434278-6df0-4e10-a819-b8d10ae822a4
UX Developer,Applied Resource Group,"Lawrenceville, GA",https://job-openings.monster.com/ux-developer-lawrenceville-ga-us-applied-resource-group/222764419
IT Field Service Engineer,Skyriver IT,"SAN DIEGO, CA",https://job-openings.monster.com/it-field-service-engineer-san-diego-ca-us-skyriver-it/222920042
Back End Developer,Rocket Homes,"Detroit, MI",https://job-openings.monster.com/back-end-developer-detroit-mi-us-rocket-homes/939e4934-1c0f-480d-b644-8b080796523e
Cloud Architect,OneMain Financial,"Phoenix, MD",https://job-openings.monster.com/cloud-architect-phoenix-md-us-onemain-financial/f6e28f7d-bf24-4246-bca9-1ac5d6b7b7a6
Senior IT Security Engineer,"Pyramid Consulting, Inc","Los Angeles, CA",https://job-openings.monster.com/senior-it-security-engineer-los-angeles-ca-us-pyramid-consulting-inc/eaf12bb5-4647-43a6-affd-be2c4e05015a
Inbound Lead Generation Manager,IDIQ,"Temecula, CA",https://job-openings.monster.com/inbound-lead-generation-manager-temecula-ca-us-idiq/3a5016a6-57b6-4eda-8eb1-87dd8e4b2485
Cloud Architect,Technosoft,"Decatur, GA",https://job-openings.monster.com/cloud-architect-decatur-ga-us-technosoft/223277005
SAP Project Manager,The Baer Group,"Herndon, VA",https://job-openings.monster.com/sap-project-manager-herndon-va-us-the-baer-group/785d9732-bf97-499d-95bb-fe8413e55b9d
Cloud Data Architect & Engineer - GCP,Virtusa,"FREMONT, CA",https://job-openings.monster.com/cloud-data-architect-engineer-gcp-fremont-ca-us-virtusa/216577707
Software Development Manager,Amazon Corporate LLC,"Seattle, WA",https://job-openings.monster.com/software-development-manager-seattle-wa-us-amazon-corporate-llc/223590159
Cloud Architect,BOEING,Cheverly,https://job-openings.monster.com/cloud-architect-cheverly-us-boeing/ba2f8701-18e0-4b7c-95db-4251a49834ac
Solutions Architect,JDSAT,"McLean, VA",https://job-openings.monster.com/solutions-architect-mclean-va-us-jdsat/223436787
"Senior Manager, Data and Machine Learning Engineering",Capital One,Borough Of Bronx,https://job-openings.monster.com/senior-manager-data-machine-learning-engineering-borough-of-bronx-us-capital-one/69829f10-d700-4c2e-95b7-9e0448713270
Account Development Representative - Cloud,Arrow Electronics,"Centennial, CO",https://job-openings.monster.com/account-development-representative-cloud-centennial-co-us-arrow-electronics/ecfcab54-3c72-4799-8bef-1628bf8ffce8
ETL Developer / Data Engineer,Capricorn Systems,"Richmond, VA",https://job-openings.monster.com/etl-developer-data-engineer-richmond-va-us-capricorn-systems/223381133
Marketo Tech Lead / Architect,"Queen Consulting Group, Inc","Lexington, MA",https://job-openings.monster.com/marketo-tech-lead-architect-lexington-ma-us-queen-consulting-group-inc/223354416
Enterprise Cloud Engineer TS/SCI,FYI - For Your Information Inc.,"Reston, VA",https://job-openings.monster.com/enterprise-cloud-engineer-ts-sci-reston-va-us-fyi-for-your-information-inc/223038856
Software Engineer,Konica Minolta,"Windsor, CT",https://job-openings.monster.com/software-engineer-windsor-ct-us-konica-minolta/c6cefd5c-a129-41fc-a5e8-6a068338a3e6
Senior Cloud Engineer,Discover,"Riverwoods, IL",https://job-openings.monster.com/senior-cloud-engineer-riverwoods-il-us-discover/e84137f9-6e59-4b99-a329-93bb202caa14
Senior Software Engineer,ePlus inc.,"Richmond, VA",https://job-openings.monster.com/senior-software-engineer-richmond-va-us-eplus-inc/219751128
Software Systems Engineer Mgr II,ABBTECH Professional Resources,"Washington, DC",https://job-openings.monster.com/software-systems-engineer-mgr-ii-washington-dc-us-abbtech-professional-resources/223117812
Java Full-Stack Developer,Cays Corp,"Southfield, MI",https://job-openings.monster.com/java-full-stack-developer-southfield-mi-us-cays-corp/222733428
Director of Cloud Engineering,Devo,"Cambridge, MA",https://job-openings.monster.com/director-of-cloud-engineering-cambridge-ma-us-devo/57d398ea-148c-4c81-970b-6b446210ea00
GCP Data Engineer,Krea Technology LLC,"West Mifflin, PA",https://job-openings.monster.com/gcp-data-engineer-west-mifflin-pa-us-krea-technology-llc/223366844
DBA with Magento,ITBMS,"Houston, TX",https://job-openings.monster.com/dba-with-magento-houston-tx-us-itbms/223066611
Data Science – Adjunct Teaching Opportunity,Bryant University,"Esmond, RI",https://job-openings.monster.com/data-science-–-adjunct-teaching-opportunity-esmond-ri-us-bryant-university/223274569
Senior Lead Product Manager- Nationwide,Lumen,"BROOMFIELD, CO",https://job-openings.monster.com/senior-lead-product-manager-nationwide-broomfield-co-us-lumen/f1c10b8e-351f-4867-9d72-fbbb70922ba9
Transcoding Media Developer,CBTS,"Cincinnati, OH",https://job-openings.monster.com/transcoding-media-developer-cincinnati-oh-us-cbts/221880595
Senior Technology Strategy Consultant - Cloud Productivity,Indigo Slate,"Bellevue, WA",https://job-openings.monster.com/senior-technology-strategy-consultant-cloud-productivity-bellevue-wa-us-indigo-slate/223514494
Content Marketing Manager (Work from Home),"Ipro Tech, LLC","Tempe, AZ",https://job-openings.monster.com/content-marketing-manager-work-from-home-tempe-az-us-ipro-tech-llc/223166379
Lead Software Engineer,"Beacon Hill Staffing Group, LLC","Washington, IN",https://job-openings.monster.com/lead-software-engineer-washington-in-us-beacon-hill-staffing-group-llc/223439267
Java Microservices Cloud Developer,BCforward,"plano, TX",https://job-openings.monster.com/java-microservices-cloud-developer-plano-tx-us-bcforward/223238113
Lead Cloud Engineer - Vice President,The Muse,"Morrisville, NC",https://job-openings.monster.com/lead-cloud-engineer-vice-president-morrisville-nc-us-the-muse/128af877-ed72-4b7e-8710-93e560209b28
"FedRAMP Technical Program Manager, Cloud Operations",Teradata,"San Diego, CA",https://job-openings.monster.com/fedramp-technical-program-manager-cloud-operations-san-diego-ca-us-teradata/4d8c596a-5702-4d4f-9853-0a68ed1d3a4f
"Director, Engineering, Cloud & Platform",Macy's,"Johns Creek, GA",https://job-openings.monster.com/director-engineering-cloud-platform-johns-creek-ga-us-macys/59787f58-c112-4bed-8caf-f4b665b5e880
Senior Scala Developer- Highly respected hedge fund R&D unit,CyberCoders,"Menlo Park, CA",https://job-openings.monster.com/senior-scala-developer-highly-respected-hedge-fund-r-d-unit-menlo-park-ca-us-cybercoders/223588172
Cloud Opps Engineer,Tekmark Global Solutions,GA,https://job-openings.monster.com/cloud-opps-engineer-ga-us-tekmark-global-solutions/223023771
Systems Administrator-Quality Analyst,Veeam,"Alpharetta, GA",https://job-openings.monster.com/systems-administrator-quality-analyst-alpharetta-ga-us-veeam/fee2aada-2bcb-467e-92e4-275d6329388c
"DevOps Engineers (AWS, Azure or GCP)",Jobot,"Winchester, VA",https://job-openings.monster.com/devops-engineers-aws-azure-or-gcp-winchester-va-us-jobot/223397487
642893 Oracle DBA,Studio 12 LLC,"Richmond, VA",https://job-openings.monster.com/642893-oracle-dba-richmond-va-us-studio-12-llc/2a5818ef-5d0c-4f71-b006-114825213fbf
Integration Architect,"Computer Recruiters, Inc.","Chicago, IL",https://job-openings.monster.com/integration-architect-chicago-il-us-computer-recruiters-inc/5ec1846b-4125-418b-9edc-c2e46b5f3e2e
"Director, Product Marketing, AWS Partnership",Informatica,"Remote, CA",https://job-openings.monster.com/director-product-marketing-aws-partnership-remote-ca-us-informatica/7e23e86d-4dfd-4527-8bed-84dbc40997b0
Principal Software Engineer - Non IT,Butler America Aerospace,"Milwaukee, WI",https://job-openings.monster.com/principal-software-engineer-non-it-milwaukee-wi-us-butler-america-aerospace/223043888
Cloud Solutions Architect - Data Exchange,Equifax,"Alpharetta, GA",https://job-openings.monster.com/cloud-solutions-architect-data-exchange-alpharetta-ga-us-equifax/2b4b41c5-f392-45b5-af63-7dd24a28a436
Cloud/C#/JAVa Developer,"Hired by Matrix, Inc","Milwaukee, WI",https://job-openings.monster.com/cloud-c-java-developer-milwaukee-wi-us-hired-by-matrix-inc/223559454
Senior Manager – Platform Engineering,Interactive Brokers LLC,"Greenwich, CT",https://job-openings.monster.com/senior-manager-–-platform-engineering-greenwich-ct-us-interactive-brokers-llc/223574245
Integration Architect,Job Juncture,"Joliet, IL",https://job-openings.monster.com/integration-architect-joliet-il-us-job-juncture/fa7e57c5-837e-4d9c-aab9-72ccc4984d09
NodeJS Developer,The Execu|Search Group,"Whippany, NJ",https://job-openings.monster.com/nodejs-developer-whippany-nj-us-the-execu-search-group/223329396
Compute Cloud Engineer,NTT DATA Services,"Hermitage, TN",https://job-openings.monster.com/compute-cloud-engineer-hermitage-tn-us-ntt-data-services/223329378
UI Developer,"Staffing Solutions Usa, Inc.","Aston, PA",https://job-openings.monster.com/ui-developer-aston-pa-us-staffing-solutions-usa-inc/222395010
Geospatial Big Data & Cloud Ops Engineer,The Judge Group,"REMOTE, OR",https://job-openings.monster.com/geospatial-big-data-cloud-ops-engineer-remote-or-us-the-judge-group/223248124
Application Migration  \/  Data Center Transformation Technical Lead,Align Communications,"New York, NY",https://job-openings.monster.com/application-migration-data-center-transformation-technical-lead-new-york-ny-us-align-communications/674dc662-862d-44af-b971-552b1d3b7c79
Accountant I,Tri-Starr Personnel,"SAN ANTONIO, TX",https://job-openings.monster.com/accountant-i-san-antonio-tx-us-tri-starr-personnel/223569801
"Principal/Lead Software Engineer Python, RESTFul Microservice, CI/CD, Cloud, NoSQL",Intelliswift Software,"Littleton, CO",https://job-openings.monster.com/principal-lead-software-engineer-python-restful-microservice-ci-cd-cloud-nosql-littleton-co-us-intelliswift-software/221169284
Senior Enterprise Application Architect,"TekPartners Solutions, LLC","Green Bay, WI",https://job-openings.monster.com/senior-enterprise-application-architect-green-bay-wi-us-tekpartners-solutions-llc/223491727
QA Reviewer - Cloud Systems,USDM Life Sciences,"Cambridge, MA",https://job-openings.monster.com/qa-reviewer-cloud-systems-cambridge-ma-us-usdm-life-sciences/223400096
Digital Marketing Specialist,Lighthouse Professional Services,"New haven, CT",https://job-openings.monster.com/digital-marketing-specialist-new-haven-ct-us-lighthouse-professional-services/223331479
Cloud Architect,"Nesco Resource, LLC","Dublin, OH",https://job-openings.monster.com/cloud-architect-dublin-oh-us-nesco-resource-llc/223308947
Cloud Devops,Apex Systems,"Houston, TX",https://job-openings.monster.com/cloud-devops-houston-tx-us-apex-systems/223021998
Data Architect (remote),"Lamoreaux Search, LLC","Philadelphia, PA",https://job-openings.monster.com/data-architect-remote-philadelphia-pa-us-lamoreaux-search-llc/223229573
Senior Backend Engineer,TEEMA Solutions Group,"Indianapolis, IN",https://job-openings.monster.com/senior-backend-engineer-indianapolis-in-us-teema-solutions-group/222919959
SEO Analyst,Beyondsoft Consulting Inc,"Redmond, WA",https://job-openings.monster.com/seo-analyst-redmond-wa-us-beyondsoft-consulting-inc/223567125
Principal Kubernetes Engineer,ZoomInfo,"Waltham, MA",https://job-openings.monster.com/principal-kubernetes-engineer-waltham-ma-us-zoominfo/7b221e45-54c3-43c8-87cb-0b615a3a9f84
Senior Backend Developer - Salesforce Commerce Cloud,WinterWyman,"New York, NY",https://job-openings.monster.com/senior-backend-developer-salesforce-commerce-cloud-new-york-ny-us-winterwyman/222921420
VP Automation Digitizing Engineering Manager,LPL Financial,"Austin, TX",https://job-openings.monster.com/vp-automation-digitizing-engineering-manager-austin-tx-us-lpl-financial/ee301871-2b91-4399-9e0d-ee3072e2bb28
Oracle Cloud Project Administrator/Coordinator,CherryRoad Technologies Inc,"Matthews, NC",https://job-openings.monster.com/oracle-cloud-project-administrator-coordinator-matthews-nc-us-cherryroad-technologies-inc/223540149
Azure Engineer Consultant w/AIP,Vaco PLC,"New York, NY",https://job-openings.monster.com/azure-engineer-consultant-w-aip-new-york-ny-us-vaco-plc/223437413
VP of Production Engineering,Salesforce,"Bellevue, WA",https://job-openings.monster.com/vp-of-production-engineering-bellevue-wa-us-salesforce/c4eb6d01-a024-47c9-aaef-e4ac6479dd41
"Cloud Architect - Plano, TX -  275125",AIC,"Plano, TX",https://job-openings.monster.com/cloud-architect-plano-tx-275125-plano-tx-us-aic/219752679
Senior Azure Engineer / Architect   217325,Vaco - Dallas,"Richardson, TX",https://job-openings.monster.com/senior-azure-engineer-architect-217325-richardson-tx-us-vaco-dallas/223234186
Group Manager (Engineering),Legal Zoom,"Glendale, CA",https://job-openings.monster.com/group-manager-engineering-glendale-ca-us-legal-zoom/f7a12da6-0bbf-4620-8848-365e982ec0ee
VP Engineering,Sotheby's,"New York, NY",https://job-openings.monster.com/vp-engineering-new-york-ny-us-sothebys/d7b7a6d5-6ca8-4ff8-9964-51104cef5c0a
"Director, Product Management",PredictSpring Inc,"Los Altos, CA",https://job-openings.monster.com/director-product-management-los-altos-ca-us-predictspring-inc/577c6337-2182-46b4-aa0c-5f0a64915e2d
Head of DevOps/SRE,Armorblox,"Cupertino, CA",https://job-openings.monster.com/head-of-devops-sre-cupertino-ca-us-armorblox/cf55124c-8f7b-462c-bd20-20329429aa41
Cloud Architect,Randstad Technologies,"Pittsburgh, PA",https://job-openings.monster.com/cloud-architect-pittsburgh-pa-us-randstad-technologies/223535108
VP of Engineering Avalanche,Actian,"Round Rock, TX",https://job-openings.monster.com/vp-of-engineering-avalanche-round-rock-tx-us-actian/7c5f70f0-3eab-4f3f-96a9-0d46133af57a
VP of Business Development,Logz.io,"Boston, MA",https://job-openings.monster.com/vp-of-business-development-boston-ma-us-logz-io/9855968e-7022-4621-b318-683c3cec9c03
Vice President of Technology,Sphere Inc.,"Chicago, IL",https://job-openings.monster.com/vice-president-of-technology-chicago-il-us-sphere-inc/5be07f05-c6ca-4277-8e51-e67cf72bff3b
Cloud PreSales Solution Architect,HCL Americas,"Sunnyvale, CA",https://job-openings.monster.com/cloud-presales-solution-architect-sunnyvale-ca-us-hcl-americas/223385744
Software Engineer Java- ( Strong AWS),A-Line Staffing Solutions,"Chapel Hill, NC",https://job-openings.monster.com/software-engineer-java-strong-aws-chapel-hill-nc-us-a-line-staffing-solutions/223351546
Senior Data Engineer,Seagen,"Bothell, WA",https://job-openings.monster.com/senior-data-engineer-bothell-wa-us-seagen/3e000251-a72f-4b2c-ae87-db3db9098ec3
Sr. FP&A Manager – CTO / Corp. & Bus. Development Support,Automation Anywhere,"San Jose, CA",https://job-openings.monster.com/sr-fp-a-manager-–-cto-corp-bus-development-support-san-jose-ca-us-automation-anywhere/42dbd706-ff29-4a46-a965-b24c212ffd6d
VP Advanced Technology Media,Spectrum,"New York, NY",https://job-openings.monster.com/vp-advanced-technology-media-new-york-ny-us-spectrum/cdef2c01-fc1e-40a2-8d31-b06d5f010c23
"Director, Product Marketing",80Twenty,"Pasadena, CA",https://job-openings.monster.com/director-product-marketing-pasadena-ca-us-80twenty/6dd6d0e5-4bee-4b1b-a99c-2dca0c0b2d45
VP of Product Security,Palo Alto Networks,"Santa Clara, CA",https://job-openings.monster.com/vp-of-product-security-santa-clara-ca-us-palo-alto-networks/b8d2b49e-c2bd-4a75-b348-235fa6014828
Identity Software Engineer,WP Engine,"Remote, CA",https://job-openings.monster.com/identity-software-engineer-remote-ca-us-wp-engine/e0ba0511-f537-4c05-b342-5a3cdd276a00
Senior Java/Hadoop Developer,Net2Source,"Dulles, VA",https://job-openings.monster.com/senior-java-hadoop-developer-dulles-va-us-net2source/223297497
"Software Engineer, Java Applications",CyberCoders,"San Mateo, CA",https://job-openings.monster.com/software-engineer-java-applications-san-mateo-ca-us-cybercoders/223559344
Developer (Specialty) IV,Genesis10,"Richfield, MN",https://job-openings.monster.com/developer-specialty-iv-richfield-mn-us-genesis10/223540465
Lead Front End Mobile Developer,Alexander Technology Group,"Beverly, MA",https://job-openings.monster.com/lead-front-end-mobile-developer-beverly-ma-us-alexander-technology-group/223112446
Engineering Manager,Eliassen Group,"Washington, DC",https://job-openings.monster.com/engineering-manager-washington-dc-us-eliassen-group/223278153
Sr. Data Engineer,"Harvey Nash, Inc","New York, NY",https://job-openings.monster.com/sr-data-engineer-new-york-ny-us-harvey-nash-inc/223305107
Principal Software Engineer - Non IT,CorTech LLC,"Milwaukee, WI",https://job-openings.monster.com/principal-software-engineer-non-it-milwaukee-wi-us-cortech-llc/223051763
Principal Software Engineer,Applicantz Inc,"Milwaukee, WI",https://job-openings.monster.com/principal-software-engineer-milwaukee-wi-us-applicantz-inc/223042733
Principal Software Engineer,Apidel Technologies,"Milwaukee, WI",https://job-openings.monster.com/principal-software-engineer-milwaukee-wi-us-apidel-technologies/223039853
Principal Engineer/Architect,Thryv,"DFW Airport, TX",https://job-openings.monster.com/principal-engineer-architect-dfw-airport-tx-us-thryv/222960720
App Dev - Java – Guru,"ICONMA, LLC","San Francisco, CA",https://job-openings.monster.com/app-dev-java-–-guru-san-francisco-ca-us-iconma-llc/223247010
Data Scientist (W2 Contract),Ascent Services Group,"Oakland, CA",https://job-openings.monster.com/data-scientist-w2-contract-oakland-ca-us-ascent-services-group/222962851
ORACLE RAC Database Administrator,"Brandon Consulting Associates, Inc.","Richmond, VA",https://job-openings.monster.com/oracle-rac-database-administrator-richmond-va-us-brandon-consulting-associates-inc/222939472
Databricks Consultant - Remote,Diversant LLC,"Remote, OR",https://job-openings.monster.com/databricks-consultant-remote-remote-or-us-diversant-llc/223481288
"Sr. Product Owner - SaaS, iaas, Cloud",CyberCoders,"Tempe, AZ",https://job-openings.monster.com/sr-product-owner-saas-iaas-cloud-tempe-az-us-cybercoders/223559111
Data Engineer Co'Op - Cloud Pak for Data,IBM,"Austin, TX",https://job-openings.monster.com/data-engineer-coop-cloud-pak-for-data-austin-tx-us-ibm/223116875
Full Stack Developer,Power Fusion Media,WA,https://job-openings.monster.com/full-stack-developer-wa-us-power-fusion-media/e3a46c73-b3fa-4043-90fc-08482ac15016
DevOps Engineer,Fidelity TalentSource,"Durham, NC",https://job-openings.monster.com/devops-engineer-durham-nc-us-fidelity-talentsource/d6a6d3ca-1cf1-4655-a6df-c320b7b7c2eb
Customer Success Architect,Kratos Defense & Security Solutions,"Colorado Springs, CO",https://job-openings.monster.com/customer-success-architect-colorado-springs-co-us-kratos-defense-security-solutions/64a12268-2137-4175-9b46-67e71323ee13
IT Professional,PSEG,"Newark, NJ",https://job-openings.monster.com/it-professional-newark-nj-us-pseg/223118666
Director Legal Operations,Honeywell,"Charlotte, NC",https://job-openings.monster.com/director-legal-operations-charlotte-nc-us-honeywell/223349796
"Sr Architect - Data Engineering - Broomfield, CO","Lumen Technologies, Inc","BROOMFIELD, CO",https://job-openings.monster.com/sr-architect-data-engineering-broomfield-co-broomfield-co-us-lumen-technologies-inc/b128ad2a-cf39-4171-9772-5e02cbbf3c1f
Cyber Security Consultant - Information Security Office,Capital One,Upper Marlboro,https://job-openings.monster.com/cyber-security-consultant-information-security-office-upper-marlboro-us-capital-one/fa4db3ca-e031-4642-9b35-9bbb6249c60e
"Sr Architect - Data Engineering - Broomfield, CO",Lumen,"BROOMFIELD, CO",https://job-openings.monster.com/sr-architect-data-engineering-broomfield-co-broomfield-co-us-lumen/1f5982bd-5ffd-464d-a075-edd5ee2f35ab
Sr. GCP Cloud Developer,Cognizant,"Stamford, CT",https://job-openings.monster.com/sr-gcp-cloud-developer-stamford-ct-us-cognizant/223136368
Solutions Architect- Kubernetes- Central,Veeam,"Columbus, OH",https://job-openings.monster.com/solutions-architect-kubernetes-central-columbus-oh-us-veeam/6d3eeba7-bdc0-4d74-b549-1edf46075c34
"DevOps Engineers (AWS, Azure or GCP)",Jobot,"Baltimore, MD",https://job-openings.monster.com/devops-engineers-aws-azure-or-gcp-baltimore-md-us-jobot/223397490
Back End Java Developer,CyberCoders,"Mountain View, CA",https://job-openings.monster.com/back-end-java-developer-mountain-view-ca-us-cybercoders/223559328
Application Solution Engineer - GCP Pipeline,"TekPartners Solutions, LLC","Green Bay, WI",https://job-openings.monster.com/application-solution-engineer-gcp-pipeline-green-bay-wi-us-tekpartners-solutions-llc/223491731
Senior Backend Engineer,TEEMA Solutions Group,"Indianapolis, IN",https://job-openings.monster.com/senior-backend-engineer-indianapolis-in-us-teema-solutions-group/222919971
Principal DevOps Engineer - Frameworks,ZoomInfo,"Bethesda, MD",https://job-openings.monster.com/principal-devops-engineer-frameworks-bethesda-md-us-zoominfo/75526f57-8719-4d3a-8a4f-39af4e40bc3d
"Staff DevSecOps, SRE",Teradata,"San Diego, CA",https://job-openings.monster.com/staff-devsecops-sre-san-diego-ca-us-teradata/5dae482d-530a-4ffa-adda-c1eccd0e8e70
Senior Vice President Reliability Engineering,Salesforce,"San Francisco, CA",https://job-openings.monster.com/senior-vice-president-reliability-engineering-san-francisco-ca-us-salesforce/c792bd92-3623-4d65-abb7-d075d26000df
Site Reliability Engineer,Equifax,"St Louis, MO",https://job-openings.monster.com/site-reliability-engineer-st-louis-mo-us-equifax/e01b2a02-4d88-4e65-98d5-6830f8b355fe
"Vice President, Infrastructure",Discover,"Riverwoods, IL",https://job-openings.monster.com/vice-president-infrastructure-riverwoods-il-us-discover/aeb46f77-a66e-47e7-92e2-34e4e7466485
Cassandra + AWS / GCP,The Judge Group,"San Francisco, CA",https://job-openings.monster.com/cassandra-aws-gcp-san-francisco-ca-us-the-judge-group/223325650
Data Science Engineer,"BioIntelliSense , Inc.","Golden, CO",https://job-openings.monster.com/data-science-engineer-golden-co-us-biointellisense-inc/c723da85-bee9-4a48-b5cc-2d48fbb94129
"Director, Engineering",The Muse,"Lowell, MA",https://job-openings.monster.com/director-engineering-lowell-ma-us-the-muse/56f64f3b-dc79-4ac9-a94d-623885f9bd36
Sr. Data Engineer,Randstad Technologies,"San Antonio, TX",https://job-openings.monster.com/sr-data-engineer-san-antonio-tx-us-randstad-technologies/223243545
Sr. DevOps Engineer,NTT DATA Services,"Hermitage, TN",https://job-openings.monster.com/sr-devops-engineer-hermitage-tn-us-ntt-data-services/223207327
VMware Engineer,HCL Americas,"Dallas, TX",https://job-openings.monster.com/vmware-engineer-dallas-tx-us-hcl-americas/223589004
SaaS Technical Support,"Nesco Resource, LLC","Neenah, WI",https://job-openings.monster.com/saas-technical-support-neenah-wi-us-nesco-resource-llc/223385450
"Sr. Developer/Consultant, Conversational AI",AIC,"Dublin, OH",https://job-openings.monster.com/sr-developer-consultant-conversational-ai-dublin-oh-us-aic/223590024
IBM ISAM Engineer,Apex Systems,"Cedar Rapids, IA",https://job-openings.monster.com/ibm-isam-engineer-cedar-rapids-ia-us-apex-systems/223484954
Platform Engineer,"Harvey Nash, Inc","Seattle, WA",https://job-openings.monster.com/platform-engineer-seattle-wa-us-harvey-nash-inc/223144595
Quality Lead Jr,Genesis10,"Brooklyn, OH",https://job-openings.monster.com/quality-lead-jr-brooklyn-oh-us-genesis10/223434104
Solutions Architect IV,Tekmark Global Solutions,GA,https://job-openings.monster.com/solutions-architect-iv-ga-us-tekmark-global-solutions/223076116
Principal Angular Developer,Ascent Services Group,"Englewood, CO",https://job-openings.monster.com/principal-angular-developer-englewood-co-us-ascent-services-group/223070652
Principal Cloud/Systems Engineer -- Remote,Thryv,TX,https://job-openings.monster.com/principal-cloud-systems-engineer-remote-tx-us-thryv/222960714
"Data Scientist - Big Data, AWS/Azure, Statistical Analysis",CyberCoders,"Everett, WA",https://job-openings.monster.com/data-scientist-big-data-aws-azure-statistical-analysis-everett-wa-us-cybercoders/223558664
Data Engineer Co'Op - Cloud Pak for Data,IBM,"Raleigh, NC",https://job-openings.monster.com/data-engineer-coop-cloud-pak-for-data-raleigh-nc-us-ibm/223116675
Full Stack Developer,Power Fusion Media,TN,https://job-openings.monster.com/full-stack-developer-tn-us-power-fusion-media/86aaaadc-d10e-49d6-b169-d1af9689db28
Customer Success Engineer (Satcom),Kratos Defense & Security Solutions,"Colorado Springs, CO",https://job-openings.monster.com/customer-success-engineer-satcom-colorado-springs-co-us-kratos-defense-security-solutions/b34ef64c-1397-40cb-b9d1-45a1331e9724
VP of Platform Engineering - Distributed Systems,CyberCoders,"San Francisco, CA",https://job-openings.monster.com/vp-of-platform-engineering-distributed-systems-san-francisco-ca-us-cybercoders/223559246
Networks Engineer,Fidelity TalentSource,"Westlake, TX",https://job-openings.monster.com/networks-engineer-westlake-tx-us-fidelity-talentsource/9c761adb-3d4b-4fd6-a39c-bf4d6e199187
Master Software Engineer - Capital One Shopping,Capital One,"Emerson, NY",https://job-openings.monster.com/master-software-engineer-capital-one-shopping-emerson-ny-us-capital-one/f95020f4-df5f-442a-8566-22b51f758f4d
AWS Data Pipeline/ Spark Developer,Cognizant,"Boston, MA",https://job-openings.monster.com/aws-data-pipeline-spark-developer-boston-ma-us-cognizant/223107594
"DevOps Engineers (AWS, Azure or GCP)",Jobot,"Gainesville, VA",https://job-openings.monster.com/devops-engineers-aws-azure-or-gcp-gainesville-va-us-jobot/223397493
Principal Kubernetes Engineer,ZoomInfo,"Vancouver, WA",https://job-openings.monster.com/principal-kubernetes-engineer-vancouver-wa-us-zoominfo/312f7868-9216-4eb8-955e-de4b109379bd
Devops Engineer with Azure Kubernetes(AKS),The Judge Group,"Des Moines, IA",https://job-openings.monster.com/devops-engineer-with-azure-kubernetes-aks-des-moines-ia-us-the-judge-group/223035462
Vice President of Product Security,The Muse,"Santa Clara, CA",https://job-openings.monster.com/vice-president-of-product-security-santa-clara-ca-us-the-muse/11425eba-e0ec-4ba8-bbe0-a18b5f12f60b
Back end Java Developer,Randstad Technologies,"Minneapolis, MN",https://job-openings.monster.com/back-end-java-developer-minneapolis-mn-us-randstad-technologies/223541016
Performance Engineer Analyst,NTT DATA Services,"Hermitage, TN",https://job-openings.monster.com/performance-engineer-analyst-hermitage-tn-us-ntt-data-services/223307373
Data Integration Engineer,AIC,"Dublin, OH",https://job-openings.monster.com/data-integration-engineer-dublin-oh-us-aic/223589929
GCP Security Engineer,HCL Americas,"Dallas, TX",https://job-openings.monster.com/gcp-security-engineer-dallas-tx-us-hcl-americas/223385749
Data Product Manager,"Harvey Nash, Inc","New York, NY",https://job-openings.monster.com/data-product-manager-new-york-ny-us-harvey-nash-inc/223378571
Digital Marketing Specialist,"Nesco Resource, LLC","New Haven, CT",https://job-openings.monster.com/digital-marketing-specialist-new-haven-ct-us-nesco-resource-llc/223378194
Solutions Architect III,Tekmark Global Solutions,GA,https://job-openings.monster.com/solutions-architect-iii-ga-us-tekmark-global-solutions/222921729
Global Security – Cloud Penetration Testing Consultant - X-Force Red,IBM,"New York, NY",https://job-openings.monster.com/global-security-–-cloud-penetration-testing-consultant-x-force-red-new-york-ny-us-ibm/223310508
Full Stack Web Engineer - React & Cloud,CyberCoders,"Kentfield, CA",https://job-openings.monster.com/full-stack-web-engineer-react-cloud-kentfield-ca-us-cybercoders/223559191
Full Stack Developer,Power Fusion Media,NH,https://job-openings.monster.com/full-stack-developer-nh-us-power-fusion-media/7b7b65f2-c2b7-4cf8-bd7a-423c393c894d
Senior Node Engineer,Capital One,"Hopewell, VA",https://job-openings.monster.com/senior-node-engineer-hopewell-va-us-capital-one/f19d55cc-d531-46c9-a7c5-f0675a7c2014
Hadoop Developer,Cognizant,"Minneapolis, MN",https://job-openings.monster.com/hadoop-developer-minneapolis-mn-us-cognizant/223357438
"DevOps Engineers (AWS, Azure or GCP)",Jobot,"Frederick, VA",https://job-openings.monster.com/devops-engineers-aws-azure-or-gcp-frederick-va-us-jobot/223397561
Principal DevOps Engineer - Frameworks,ZoomInfo,"Waltham, MA",https://job-openings.monster.com/principal-devops-engineer-frameworks-waltham-ma-us-zoominfo/016e5bf2-8d9f-48ea-985c-ac7a289446ea
Mobile Engineering Manager,Randstad Technologies,"Lexington, MA",https://job-openings.monster.com/mobile-engineering-manager-lexington-ma-us-randstad-technologies/223502264
Database Applications Developer - III,The Judge Group,"Alpharetta, GA",https://job-openings.monster.com/database-applications-developer-iii-alpharetta-ga-us-the-judge-group/223247515
Network Architect - Remote Position,NTT DATA Services,"Louisville, KY",https://job-openings.monster.com/network-architect-remote-position-louisville-ky-us-ntt-data-services/223547348
Linux Engineer,"Nesco Resource, LLC","Columbus, OH",https://job-openings.monster.com/linux-engineer-columbus-oh-us-nesco-resource-llc/223362780
"100% Remote Software Developer-(PHP,LAMP,Mongo DB)",CyberCoders,"Charlotte, NC",https://job-openings.monster.com/100-remote-software-developer-php-lamp-mongo-db-charlotte-nc-us-cybercoders/223559211
Solutions Architect III,Tekmark Global Solutions,OH,https://job-openings.monster.com/solutions-architect-iii-oh-us-tekmark-global-solutions/222921743
Sr. Software Engineer - Fullstack,"Harvey Nash, Inc","Bellevue, WA",https://job-openings.monster.com/sr-software-engineer-fullstack-bellevue-wa-us-harvey-nash-inc/223163524
Global Security – Cloud Penetration Testing Consultant - X-Force Red,IBM,"Raleigh, NC",https://job-openings.monster.com/global-security-–-cloud-penetration-testing-consultant-x-force-red-raleigh-nc-us-ibm/223308901
"Senior Software Engineer - Java, AWS, Remote",CyberCoders,"Austin, TX",https://job-openings.monster.com/senior-software-engineer-java-aws-remote-austin-tx-us-cybercoders/223522180
Full Stack Developer,Power Fusion Media,NV,https://job-openings.monster.com/full-stack-developer-nv-us-power-fusion-media/71f2e8cf-0446-498c-859b-66300e0bad8b
"Manager, Software Engineering (Java Full Stack)",Capital One,"Studley, VA",https://job-openings.monster.com/manager-software-engineering-java-full-stack-studley-va-us-capital-one/ed8a4e5d-4a71-4c2d-8e99-47fa39aec2de
Hadoop Developer,Cognizant,"Chicago, IL",https://job-openings.monster.com/hadoop-developer-chicago-il-us-cognizant/223295691
"DevOps Engineers (AWS, Azure or GCP)",Jobot,"Washington DC, DC",https://job-openings.monster.com/devops-engineers-aws-azure-or-gcp-washington-dc-dc-us-jobot/223397658
Principal Infrastructure Engineer - ElasticSearch,ZoomInfo,"Waltham, MA",https://job-openings.monster.com/principal-infrastructure-engineer-elasticsearch-waltham-ma-us-zoominfo/fd5de7bf-082c-4c8a-acba-07401728fc45
Senior Full Stack Java Engineer,Randstad Technologies,"Atlanta, GA",https://job-openings.monster.com/senior-full-stack-java-engineer-atlanta-ga-us-randstad-technologies/223469373
Jr DevOps Engineer,NTT DATA Services,"Hermitage, TN",https://job-openings.monster.com/jr-devops-engineer-hermitage-tn-us-ntt-data-services/223398098
Web Developer,The Judge Group,"Lawrenceville, GA",https://job-openings.monster.com/web-developer-lawrenceville-ga-us-the-judge-group/223065083
GCP Data Platform Architect,"Nesco Resource, LLC","Columbus, FL",https://job-openings.monster.com/gcp-data-platform-architect-columbus-fl-us-nesco-resource-llc/223287678
Solutions Architect III,Tekmark Global Solutions,GA,https://job-openings.monster.com/solutions-architect-iii-ga-us-tekmark-global-solutions/222921723
Global Security – Cloud Penetration Testing Consultant - X-Force Red,IBM,"Austin, TX",https://job-openings.monster.com/global-security-–-cloud-penetration-testing-consultant-x-force-red-austin-tx-us-ibm/223309637
DevOps Engineer - Azure Heavy Environment,CyberCoders,"San Diego, CA",https://job-openings.monster.com/devops-engineer-azure-heavy-environment-san-diego-ca-us-cybercoders/223559371
Full Stack Developer,Power Fusion Media,FL,https://job-openings.monster.com/full-stack-developer-fl-us-power-fusion-media/2831af9a-e5fa-46d5-966c-7bf677cee746
"Senior Manager, Software Engineering (Java Full Stack)",Capital One,"Richmond, VA",https://job-openings.monster.com/senior-manager-software-engineering-java-full-stack-richmond-va-us-capital-one/ed2fbd02-0270-4729-a0c2-a84abe831f9b
Hadoop Developer,Cognizant,"Phoenix, AZ",https://job-openings.monster.com/hadoop-developer-phoenix-az-us-cognizant/223293046
"DevOps Engineers (AWS, Azure or GCP)",Jobot,"Leesburg, VA",https://job-openings.monster.com/devops-engineers-aws-azure-or-gcp-leesburg-va-us-jobot/223230772
Java Engineer - Data,ZoomInfo,"Roswell, GA",https://job-openings.monster.com/java-engineer-data-roswell-ga-us-zoominfo/a65afc03-0e2b-449f-9daf-641a37e0db68
Senior Full Stack Java Engineer,Randstad Technologies,"Atlanta, GA",https://job-openings.monster.com/senior-full-stack-java-engineer-atlanta-ga-us-randstad-technologies/223469356
Senior Backend Developer,The Judge Group,"REMOTE, OR",https://job-openings.monster.com/senior-backend-developer-remote-or-us-the-judge-group/223325539
IT Project Manager,"Nesco Resource, LLC","Painted Post, NY",https://job-openings.monster.com/it-project-manager-painted-post-ny-us-nesco-resource-llc/223299819
Infrastructure Specialist - Cloud,IBM,"Austin, TX",https://job-openings.monster.com/infrastructure-specialist-cloud-austin-tx-us-ibm/223340485
Cloud Sales Development Manager - Google 82462,"Advanced Mircro Devices, Inc.","Bellevue, WA",https://job-openings.monster.com/cloud-sales-development-manager-google-82462-bellevue-wa-us-advanced-mircro-devices-inc/223551168
"Senior Software Engineer  -  Java, AWS, REST APIs",CyberCoders,"Denver, CO",https://job-openings.monster.com/senior-software-engineer-java-aws-rest-apis-denver-co-us-cybercoders/223451542
Full Stack Developer,Power Fusion Media,WY,https://job-openings.monster.com/full-stack-developer-wy-us-power-fusion-media/1a693d41-0ffb-4d28-aa97-05542b69256f
Lead Software Engineer - Capital One Shopping,Capital One,"Richmond, VA",https://job-openings.monster.com/lead-software-engineer-capital-one-shopping-richmond-va-us-capital-one/eb972a8f-8b97-4186-a454-f9e56d5a3e3a
Hadoop Developer,Cognizant,"Raleigh, NC",https://job-openings.monster.com/hadoop-developer-raleigh-nc-us-cognizant/223355665
Senior Cloud Engineer,Jobot,"Philadelphia, PA",https://job-openings.monster.com/senior-cloud-engineer-philadelphia-pa-us-jobot/223588628
Site Reliability Engineer,Randstad Technologies,"Columbus, OH",https://job-openings.monster.com/site-reliability-engineer-columbus-oh-us-randstad-technologies/223352183
full stack engineer,The Judge Group,"Schaumburg (Township), IL",https://job-openings.monster.com/full-stack-engineer-schaumburg-township-il-us-the-judge-group/223247923
"Business Development Representative (SaaS), Healthcare Sales",CyberCoders,"Atlanta, GA",https://job-openings.monster.com/business-development-representative-saas-healthcare-sales-atlanta-ga-us-cybercoders/223521471
Full Stack Developer,Power Fusion Media,TX,https://job-openings.monster.com/full-stack-developer-tx-us-power-fusion-media/0f0dc7bb-3c3f-4628-b970-a28fbca86e5c
Services Client Representative - GTS,IBM,"New York, NY",https://job-openings.monster.com/services-client-representative-gts-new-york-ny-us-ibm/223483517
"Manager, Security Consultant - Information Security Office",Capital One,Suitland,https://job-openings.monster.com/manager-security-consultant-information-security-office-suitland-us-capital-one/e8265f59-4afd-4cc7-b84c-45cd0f0e8a84
Hadoop Developer,Cognizant,"Chicago, IL",https://job-openings.monster.com/hadoop-developer-chicago-il-us-cognizant/223364915
Senior Cloud Engineer,Jobot,"Portland, OR",https://job-openings.monster.com/senior-cloud-engineer-portland-or-us-jobot/223588646
Sr. Software Engineer,Randstad Technologies,"Bozeman, MT",https://job-openings.monster.com/sr-software-engineer-bozeman-mt-us-randstad-technologies/223242303
Network/Devops Engineer,The Judge Group,"REMOTE, OR",https://job-openings.monster.com/network-devops-engineer-remote-or-us-the-judge-group/223323187
"Business Development Representative (SaaS), Healthcare Sales",CyberCoders,"Raleigh, NC",https://job-openings.monster.com/business-development-representative-saas-healthcare-sales-raleigh-nc-us-cybercoders/223521508
Services Client Representative - GTS,IBM,"Raleigh, NC",https://job-openings.monster.com/services-client-representative-gts-raleigh-nc-us-ibm/223481448
"Senior Manager, Security Consultant - Information Security Office",Capital One,"McLean, VA",https://job-openings.monster.com/senior-manager-security-consultant-information-security-office-mclean-va-us-capital-one/e59ac4ca-7a7d-484b-9d6b-ef7bdd65e70c
Hadoop Developer,Cognizant,"Richmond, VA",https://job-openings.monster.com/hadoop-developer-richmond-va-us-cognizant/223294712
Senior Cloud Engineer,Jobot,"Columbus, OH",https://job-openings.monster.com/senior-cloud-engineer-columbus-oh-us-jobot/223588625
Gainsight Technical Architect,Randstad Technologies,"Tampa, FL",https://job-openings.monster.com/gainsight-technical-architect-tampa-fl-us-randstad-technologies/223465530
"Business Development Representative (SaaS), Healthcare Sales",CyberCoders,"Charlotte, NC",https://job-openings.monster.com/business-development-representative-saas-healthcare-sales-charlotte-nc-us-cybercoders/223521511
Services Client Representative - GTS,IBM,"Austin, TX",https://job-openings.monster.com/services-client-representative-gts-austin-tx-us-ibm/223482672
Senior Software Engineer - Capital One Shopping,Capital One,"Richmond, VA",https://job-openings.monster.com/senior-software-engineer-capital-one-shopping-richmond-va-us-capital-one/e109598a-7760-4a90-87d0-399ddff6e340
Hadoop Developer,Cognizant,"Plano, TX",https://job-openings.monster.com/hadoop-developer-plano-tx-us-cognizant/223295533
Senior Data Engineer,Tential,"McLean, VA",https://job-openings.monster.com/senior-data-engineer-mclean-va-us-tential/223536458
Senior Cloud Engineer,Jobot,"San Francisco, CA",https://job-openings.monster.com/senior-cloud-engineer-san-francisco-ca-us-jobot/223187177
Senior Network DevOps Engineer,Randstad Technologies,"Bethesda, MD",https://job-openings.monster.com/senior-network-devops-engineer-bethesda-md-us-randstad-technologies/223438965
"Sr Golang Engineer (Scalability, AWS, Databases)",CyberCoders,"San Francisco, CA",https://job-openings.monster.com/sr-golang-engineer-scalability-aws-databases-san-francisco-ca-us-cybercoders/223489125
Sr. Product Marketing Manager,IBM,"New York, NY",https://job-openings.monster.com/sr-product-marketing-manager-new-york-ny-us-ibm/223445906
Master Node Engineer,Capital One,"Chester, VA",https://job-openings.monster.com/master-node-engineer-chester-va-us-capital-one/e0b73224-4d71-43dc-86c3-7df9cd74c43f
GCP Architect,Cognizant,"Phoenix, AZ",https://job-openings.monster.com/gcp-architect-phoenix-az-us-cognizant/222958776
Senior Cloud Engineer,Jobot,"Salt Lake City, UT",https://job-openings.monster.com/senior-cloud-engineer-salt-lake-city-ut-us-jobot/223187165
Senior IT Auditor,Randstad Technologies,"McLean, VA",https://job-openings.monster.com/senior-it-auditor-mclean-va-us-randstad-technologies/223371694
VP of Platform Engineering - Distributed Systems,CyberCoders,"San Francisco, CA",https://job-openings.monster.com/vp-of-platform-engineering-distributed-systems-san-francisco-ca-us-cybercoders/223559246
Sr. Product Marketing Manager,IBM,"Austin, TX",https://job-openings.monster.com/sr-product-marketing-manager-austin-tx-us-ibm/223445460
"Sr. Manager, Software Engineer",Capital One,"Clifton, VA",https://job-openings.monster.com/sr-manager-software-engineer-clifton-va-us-capital-one/d6e7c261-716e-4577-9dc5-0bf6436594c7
Big Data Engineer,Cognizant,"San Francisco, CA",https://job-openings.monster.com/big-data-engineer-san-francisco-ca-us-cognizant/223328249
Senior Cloud Engineer,Jobot,"Denver, CO",https://job-openings.monster.com/senior-cloud-engineer-denver-co-us-jobot/223187162
"Software Engineer, Java Applications",CyberCoders,"San Mateo, CA",https://job-openings.monster.com/software-engineer-java-applications-san-mateo-ca-us-cybercoders/223559344
Sr. Product Marketing Manager,IBM,"Raleigh, NC",https://job-openings.monster.com/sr-product-marketing-manager-raleigh-nc-us-ibm/223444924
